"db.species","col.species","x","r2","r4","r6","r7","r8","r9","r10","r11","r13","r14","r15","r17","r18","r19","r20","r21","r22","r23","r25","r26","r27","r28","r29","r32","r50","r61","r68","r74","r75","r76","r77","r78","r79","r80","r81","r88","r90","r91","r92","r93","r94","r95","r96","r97","r98","r99","r101","r102","r103","r104","r105","r106","r107","r108","r109","r110","r111","r112","r113","r114","r115","r116","r117","r121","r123","r127","r130","r132","r134","r135","r136","r139","r141","r142","r143","r144","r145","r146","r147","r149","r150","r153","r154","r156","r157","r158","r163","r166","r167","r168","r169","r170","r171","r172","r173","r174","r175","r176","r177","r178","r179","r180","r181","r182","r183","r184","r185","r186","r189","r190","r191","r192","r193","r194","r195","r196","r197","r198","r199","r202","r203","r206","r207","r208","r213","r217","r218","r219","r220","r221","r222","r223","r224","r226","r227","r251","r253","check","kingdom","phylum","class","order","family","genus","gbif.species","gbif.species.id"
"Ablepharus budaki","Ablepharus budaki","r2",1,0,0,0.43,0,0,0,0,0,0,0,0,0,0,0,0,0.85,0,0,0,1,0,0,1,0,0,0,0,0,0,0,0,0,0,0,0,0,0.99,0,0,0,0,0,0,0,0,0,0.98,0,0.01,0,0,0,0,0,0,0,0,0,0,0,0,0,0,0,0,0,0,0,1,0,0.78,0,1,0,0,0,0,1,0,0.42,0,0,0,0,0.46,0,0,0,0,0,0,0,0,0,0,0,0,0,0,0,0,0,0,0,0,0,0,0,0,0,0,0,0,1,0,0,0,0,0,0.42,0,0,0,0,0,0,0,0,0,0.35,0,0,0,0,0,0,"found species on GBIF","Animalia","Chordata","Reptilia","Squamata","Scincidae","Ablepharus","Ablepharus budaki",8011236
"Ablepharus kitaibelii","Ablepharus kitaibelii","r4",0,1,0,0,0,0,0.1,0.04,0.1,0.69,0,0,0.01,0,0,0,0.1,0,0,0,0,0.76,0,0.43,0.12,0,0,0,0,0.81,0.18,0,0.27,0.32,0.01,0.17,0,0.01,0,0,0,0,0,0,0,0,0.1,0.23,0,0,0.2,0,0,0,0,0,0,0,0,0,0.34,0,0,0,0,0.01,0,0,0.5,0,0.84,0.04,0.01,0,0,0,0,0,0.26,0,0.21,0,0,0.29,0.09,0.02,0.35,0,0,0.15,0,0,0,0,0,0,0.74,0.1,0,0,0,0.71,0,0,0,0,0,0.4,0,0,0,0,0,0.08,0.25,0.36,0.65,0,0.27,0,0.18,0.41,0,0.21,0,0,0,0.2,0.02,0.01,0,0,0,0.41,0,0,0,"found species on GBIF","Animalia","Chordata","Reptilia","Squamata","Scincidae","Ablepharus","Ablepharus kitaibelii",9439986
"Acanthodactylus erythrurus","Acanthodactylus erythrurus","r6",0,0,1,0,0,0,0,0,0,0.46,0,0.84,0,0.77,0,0,0,0,0.62,0,0.04,0.51,0.95,0,0,0,0,0,0,0.01,0,0.96,0,0.11,0,0,0,0,0,0,0,0,0,0,0,0,0,0.32,0.68,0,0,0,0,0,0,0.01,0,0,0,0,0,0,0.07,0,0.99,0,0,0.14,0,0,0,0,0,0,0.47,0,0,0,0.98,0.41,0,0,0.31,0,0,0,0,0.04,0,0,0,0,0.9,0,0,0,0.06,0,0,0,0,0,0,0.1,0,0.6,0.91,0,0,0,0,0,0,0.89,0,0.02,0,0,0,0,0,0,0.03,0,0.83,0.02,0,0,0,0,0,0,0,0,0,0,0.44,"found species on GBIF","Animalia","Chordata","Reptilia","Squamata","Lacertidae","Acanthodactylus","Acanthodactylus erythrurus",5226733
"Acanthodactylus schreiberi","Acanthodactylus schreiberi","r7",0.18,0,0,1,0,0,0,0,0,0,0,0,0,0,0,0,0.88,0,0,0,0.18,0,0,1,0,0,0,0,0,0,0,0,0,0,0,0,0,1,0,0,0,0,0,0,0,0,0,0.99,0,0,0,0,0,0,0,0,0,0,0,0,0,0,0,0,0,0,0,0,0,1,0,1,0,0.98,0,0,0.82,0,0.98,0,0.48,0,0,0,0,0.74,0,0,0,0,0,0,0,0,0,0,0,0,0,0,0,0,0,0,0,0,0,0,0,0,0,0,0,0,0.98,0,0,0,0,0,0.98,0,0,0,0,0,0,0,0,0,0.81,0,0,0,0,0,0,"found species on GBIF","Animalia","Chordata","Reptilia","Squamata","Lacertidae","Acanthodactylus","Acanthodactylus schreiberi",5226767
"Algyroides fitzingeri","Algyroides fitzingeri","r8",0,0,0,0,1,0,0,0,0,0,0.32,0,0,0,0,0.5,0.5,0,0,0,0,0,0,0,0,0,0,0,0,0,0,0,0,0.44,0,0,0.44,0,0,0,0,0,0,0,0,0,0,0.56,0.16,0,0,0.88,0,0,0,0,0,0,0,0,0,0,0,0,0,0,0,0,0,0,0,0,0,0,0,0,0,0,0,0,0,0,0.24,0,0,0,0,0,0,0,0,0,0,0,0,0,0,0,0,0,1,0,1,0,0,0,0,0,0,0,0,0,0,0.66,0,0.05,0.22,0,0.07,0,0,0,0,0,0,0,0,0,0,0,0,0,0,0,0,0,0,"found species on GBIF","Animalia","Chordata","Reptilia","Squamata","Lacertidae","Algyroides","Algyroides fitzingeri",2469361
"Algyroides marchi","Algyroides marchi","r9",0,0,0.39,0,0,1,0,0,0,0,0,1,0,1,0,0,0,0,0.33,0,0,1,1,0,0,0,0,0,0,0,0,0.39,0,0.22,0,0,0,0,0,0,0,0,0,0,0,0,0,0,0.39,0,0,0,0,0,0,0,0,0,0,0,0,0,0,0,0.39,0,0,0,0,0,0,0,0,0,0.22,0,0,0,0.39,0.32,0,0,0.35,0,0,0,0,0,0,0,0,0,1,0,0,0,0,0,0,0,0,0,0,0,0,0,1,0,0,0,0,0,0,0.39,0,0,0,0,0,0,0,0,0,0,0.54,0,0,0,0,0,0,0,0,0,0,0,1,"found species on GBIF","Animalia","Chordata","Reptilia","Squamata","Lacertidae","Algyroides","Algyroides marchi",2469356
"Algyroides moreoticus","Algyroides moreoticus","r10",0,0.97,0,0,0,0,1,0.03,0.98,0.33,0,0,0,0,0,0,0.22,0,0,0,0,0.26,0,0.86,0,0,0,0,0,0.2,0.98,0,0.86,0.44,0,0.6,0,0,0,0,0,0,0,0,0,0,0.95,0.62,0,0,0.86,0,0,0,0,0,0,0,0,0,0,0,0,0,0,0,0,0,0.97,0,0,0,0,0,0,0,0,0,0.86,0,0.64,0,0,0.43,0.45,0,0.92,0,0,0.08,0,0,0,0,0,0,0.59,0.95,0,0,0,1,0,0,0,0,0,1,0,0,0,0,0,0.52,0.86,0.04,0.99,0,0.99,0,0.64,0.7,0,0,0,0,0,0.06,0.16,0,0,0,0,0,0,0,0,"found species on GBIF","Animalia","Chordata","Reptilia","Squamata","Lacertidae","Algyroides","Algyroides moreoticus",2469367
"Algyroides nigropunctatus","Algyroides nigropunctatus","r11",0,0.4,0,0,0,0,0.03,1,0.04,0.71,0,0,0,0,0,0,0.2,0,0,0,0,0.48,0,0.27,0,0,0,0,0,0.79,0.95,0,0.53,0.49,0,0.16,0,0,0,0,0,0,0,0,0,0,0,0.46,0,0,0.54,0.29,0,0,0,0,0,0.17,0,0,0.03,0,0.07,0,0,0,0,0,0.74,0,0.71,0.08,0,0,0,0,0,0,0.52,0,0.28,0,0,0.33,0,0,0.69,0,0,0.21,0,0,0,0,0.56,0,0.95,0,0,0,0.41,0.41,0,0,0,0,0,0.92,0,0,0,0,0,0.23,0.55,0,0.94,0,0.4,0,0.22,0.59,0.09,0.08,0,0,0,0.14,0,0,0,0,0,0,0,0,0,"found species on GBIF","Animalia","Chordata","Reptilia","Squamata","Lacertidae","Algyroides","Algyroides nigropunctatus",2469363
"Anatolacerta anatolica","Anatololacerta anatolica","r116",0,0.98,0,0,0,0,0,0,0,0,0,0,0.98,0,0,0,0,0,0,0,0.33,0,0,0.91,0,0,0.89,0,0,0,0,0,0.89,0.25,0,0.75,0,1,0,0,0,0,0,0,0,0,0,0.89,0,0,0,0,0,0,0,0,0,0,0,0,0,1,0,0,0,0,0,0,0.98,0,0,0.91,1,0,0,0,0,0,0.89,0,0.63,0.89,0,0.41,0,0.91,1,0,0,0,0,0,0,0,0,0,0,0,0,0,0,0,0,0,0,0,0,1,0,0,0,0,0,0,0.89,0.89,0,0,0,0,0.71,0.84,0,0,0,0,0,0.75,0,1,0.75,0,0,0.98,0,0,0,"found species on GBIF","Animalia","Chordata","Reptilia","Squamata","Lacertidae","Anatololacerta","Anatololacerta anatolica",5789536
"Anatolacerta oertzeni","Anatololacerta oertzeni","r127",0,0.95,0,0,0,0,0,0,0,0,0,0,0.84,0,0,0,0.84,0,0,0,0.01,0,0,1,0,0,0.19,0,0,0,0,0,0.99,0,0,0.03,0,0.85,0,0,0,0,0,0,0,0,0,0.98,0,0,0,0,0,0,0,0,0,0,0,0,0,0,0,0,0,1,0,0,0.8,0,0,0.96,0.85,0,0,0,0,0,0.04,0,0.48,0.04,0,0.01,0,0.81,0.85,0,0,0,0,0,0,0,0,0,0,0,0,0,0,0,0,0,0,0,0,0.19,0,0,0,0,0,0,0.99,0.04,0,0,0,0.04,0.55,0,0,0,0,0,0,0.15,0,0.85,0.03,0,0,0.04,0,0,0,"found species on GBIF","Animalia","Chordata","Reptilia","Squamata","Lacertidae","Anatololacerta","Anatololacerta anatolica",5789536
"Anguis cephallonica","Anguis cephallonica","r13",0,0.97,0,0,0,0,0.99,0.04,1,0.33,0,0,0,0,0,0,0.22,0,0,0,0,0.26,0,0.86,0,0,0,0,0,0.19,0.98,0,0.86,0.45,0,0.6,0,0,0,0,0,0,0,0,0,0,0.94,0.61,0,0,0.86,0,0,0,0,0,0,0,0,0,0,0,0,0,0,0,0,0,0.97,0,0.01,0,0,0,0,0,0,0,0.86,0,0.64,0,0,0.44,0.45,0,0.93,0,0,0.08,0,0,0,0,0,0,0.59,0.94,0,0,0,1,0,0,0,0,0,1,0,0,0,0,0,0.51,0.86,0.04,0.99,0,1,0,0.65,0.71,0,0,0,0,0,0.06,0.16,0,0,0,0,0,0,0,0,"found species on GBIF","Animalia","Chordata","Reptilia","Squamata","Anguidae","Anguis","Anguis cephallonica",2468088
"Anguis fragilis","Anguis fragilis","r14",0,0.04,0.04,0,0,0,0,0,0,1,0,0.05,0,0.04,0,0.02,0,0,0.05,0,0,0.66,0.14,0.02,0.01,0,0,0,0.01,0.33,0.04,0.06,0.02,0.14,0,0.01,0,0,0,0,0,0,0,0,0,0,0,0.04,0.03,0,0.01,0.16,0,0,0,0,0,0.01,0,0.01,0.34,0,0.16,0,0.07,0,0,0.04,0.03,0,0.13,0,0,0,0.01,0,0,0,0.08,0.03,0.01,0,0.06,0.07,0,0,0.02,0.02,0,0.01,0,0,0.09,0,0,0,0.37,0,0,0,0.05,0.05,0,0,0,0.06,0.06,0.03,0,0,0,0,0,0.08,0.01,0.02,0.08,0,0.02,0,0.01,0.05,0.16,0.68,0.04,0.01,0,0.01,0,0,0,0,0,0.03,0,0,0.02,"found species on GBIF","Animalia","Chordata","Reptilia","Squamata","Anguidae","Anguis","Anguis fragilis",2468095
"Archaeolacerta bedriagae","Archaeolacerta bedriagae","r15",0,0,0,0,0.99,0,0,0,0,0,1,0,0,0,0,0.56,0.56,0,0,0,0,0,0,0,0,0,0,0,0,0,0,0,0,0.45,0,0,0.34,0,0,0,0,0,0,0,0,0,0,0.4,0.1,0,0,0.87,0,0,0,0,0,0,0,0,0,0,0,0,0,0,0,0,0,0,0,0,0,0,0,0,0,0,0,0,0,0,0.28,0,0,0,0,0,0,0,0,0,0,0,0,0,0,0,0,0,1,0,0.99,0,0,0,0,0,0,0,0,0,0,0.63,0,0.05,0.09,0,0.19,0,0,0,0,0,0,0,0,0,0,0,0,0,0,0,0,0,0,"found species on GBIF","Animalia","Chordata","Reptilia","Squamata","Lacertidae","Archaeolacerta","Archaeolacerta bedriagae",9107061
"Blanus cinereus","Blanus cinereus","r17",0,0,0.63,0,0,0,0,0,0,0.43,0,1,0,0.76,0,0,0,0,0.65,0,0.05,0.46,0.96,0,0,0,0,0,0,0,0,0.9,0,0.2,0,0,0,0,0,0,0,0,0,0,0,0,0,0.34,0.7,0,0,0,0,0,0,0.01,0,0,0,0.01,0,0,0.02,0,0.91,0,0,0.18,0,0,0,0,0,0,0.52,0,0,0,0.91,0.43,0,0,0.31,0,0,0,0,0.03,0,0,0,0,0.89,0,0,0,0.03,0,0,0,0,0,0,0.11,0,0.7,0.92,0,0,0,0,0,0,0.83,0,0.02,0,0,0,0,0,0,0,0,0.61,0.01,0,0,0,0,0,0,0,0,0,0,0.36,"found species on GBIF","Animalia","Chordata","Reptilia","Squamata","Blanidae","Blanus","Blanus cinereus",2473222
"Blanus strauchi","Blanus strauchi","r18",0,0.79,0,0,0,0,0,0,0,0,0,0,1,0,0,0,0.6,0,0,0,0.08,0,0,0.9,0,0,0.41,0,0,0,0,0,0.9,0.06,0,0.33,0,0.81,0,0,0,0,0,0,0,0,0,0.9,0,0,0,0,0,0,0,0,0,0,0,0,0,0.19,0,0,0,0.52,0,0,0.79,0,0,0.87,0.82,0,0,0,0,0,0.2,0,0.44,0.39,0,0.09,0,0.87,0.92,0,0,0,0,0,0,0,0,0,0,0,0,0,0,0,0,0,0,0,0,0.44,0,0,0,0,0,0,0.9,0.23,0,0,0,0.02,0.65,0.17,0,0,0,0,0,0.34,0,0.9,0.26,0,0,0.23,0,0,0,"found species on GBIF","Animalia","Chordata","Reptilia","Squamata","Blanidae","Blanus","Blanus strauchi",2473227
"Chalcides bedriagai","Chalcides bedriagai","r19",0,0,0.64,0,0,0,0,0,0,0.42,0,0.85,0,1,0,0,0,0,0.56,0,0.04,0.52,0.95,0,0,0,0,0,0,0.01,0,0.9,0,0.16,0,0,0,0,0,0,0,0,0,0,0,0,0,0.32,0.64,0,0,0,0,0,0,0.01,0,0,0,0,0,0,0.06,0,0.92,0,0,0.14,0,0,0,0,0,0,0.46,0,0,0,0.91,0.41,0,0,0.31,0,0,0,0,0.03,0,0,0,0,0.87,0,0,0,0.07,0,0,0,0,0,0,0.13,0,0.59,0.91,0,0,0,0,0,0,0.83,0,0.02,0,0,0,0,0,0,0.04,0,0.6,0.01,0,0,0,0,0,0,0,0,0,0,0.48,"found species on GBIF","Animalia","Chordata","Reptilia","Squamata","Scincidae","Chalcides","Chalcides bedriagai",8974077
"Chalcides bistriatus","Chalcides sexlineatus","r20",0,0,0,0,0,0,0,0,0,0,0,0,0,0,1,0,0,0.42,0,0,0,0,0,0,0,0,0,0,0,0,0,0,0,0,0,0,0,0,0.03,0,0,0,0,0,0,0.8,0,0,0,0,0,0,0,0,0,0,0,0,0,0,0,0,0,0,0,0,0,0,0,0,0,0,0,0,0,0,0,0,0,0,0,0,0,0,0,0,0,0,0,0,0,0,0,0,0,0,0,0,0,0,0,0,0,0,0,0,0,0,0,0,0.18,0,0,0,0,0,0,0,0,0,0,0,0,0,0,0,0,0,0,0,0,0,0,0,0,0,0,"not found on GBIF 2","Animalia","Chordata","Reptilia","Squamata","Scincidae","Chalcides","Chalcides sexlineatus",NA
"Chalcides chalcides","Chalcides chalcides","r21",0,0,0,0,0.14,0,0,0,0,0.67,0.05,0,0,0,0,1,0.28,0,0,0,0,0.79,0.32,0.09,0,0,0,0,0.46,0.4,0.61,0,0.14,0.28,0,0,0.08,0,0,0,0,0,0,0,0,0,0,0.8,0.04,0,0,1,0,0,0,0,0,0,0,0,0,0,0.86,0,0,0,0,0,0,0,0,0,0,0,0,0,0,0,0,0,0,0,0.06,0.24,0,0,0,0,0,0,0,0,0,0,0,0,0.54,0,0,0,1,0,0.14,0,0.13,0,0,0,0,0,0,0,0,0.9,0,0.01,0.71,0.09,0.02,0,0,0,0.86,0,0,0,0,0,0,0,0,0,0,0,0,0,0,"found species on GBIF","Animalia","Chordata","Reptilia","Squamata","Scincidae","Chalcides","Chalcides chalcides",5225173
"Chalcides ocellatus","Chalcides ocellatus","r22",0.03,0.34,0,0.07,0.28,0,0.07,0.07,0.07,0.14,0.1,0,0.02,0,0,0.54,1,0,0,0,0.03,0.17,0,0.45,0,0,0,0,0.26,0.1,0.17,0,0.49,0.17,0,0.13,0.13,0.1,0,0,0,0,0,0,0,0,0.07,0.89,0.08,0,0.33,0.55,0,0,0,0,0,0,0,0,0,0,0.26,0,0,0.02,0,0,0.36,0.08,0.17,0.13,0.02,0.08,0,0,0.06,0,0.33,0,0.26,0,0.1,0.1,0.06,0.08,0.27,0,0,0.21,0,0,0,0,0,0,0.2,0.07,0,0,0.54,0.24,0.28,0,0.26,0,0,0.25,0,0,0,0,0,0.71,0.45,0.1,0.48,0.17,0.28,0,0.27,0.18,0.26,0,0,0,0,0.14,0,0.02,0.07,0,0,0.01,0,0,0,"found species on GBIF","Animalia","Chordata","Reptilia","Squamata","Scincidae","Chalcides","Chalcides ocellatus",5225137
"Chalcides sexlineatus","Chalcides sexlineatus","r23",0,0,0,0,0,0,0,0,0,0,0,0,0,0,1,0,0,1,0,0,0,0,0,0,0,0,0,0,0,0,0,0,0,0,0,0,0,0,0.04,0,0,0,0,0,0,1,0,0,0,0,0,0,0,0,0,0,0,0,0,0,0,0,0,0,0,0,0,0,0,0,0,0,0,0,0,0,0,0,0,0,0,0,0,0,0,0,0,0,0,0,0,0,0,0,0,0,0,0,0,0,0,0,0,0,0,0,0,0,0,0,0.32,0,0,0,0,0,0,0,0,0,0,0,0,0,0,0,0,0,0,0,0,0,0,0,0,0,0,"found species on GBIF","Animalia","Chordata","Reptilia","Squamata","Scincidae","Chalcides","Chalcides sexlineatus",5225153
"Chalcides striatus","Chalcides striatus","r25",0,0,0.54,0,0,0,0,0,0,0.55,0,0.76,0,0.59,0,0,0,0,1,0,0.05,0.43,0.91,0,0,0,0,0,0,0.13,0,0.87,0,0.22,0,0,0.01,0,0,0,0,0,0,0,0,0,0,0.36,0.63,0,0,0.1,0,0,0,0.01,0,0,0,0,0.05,0,0.19,0,0.92,0,0,0.19,0,0,0,0,0,0,0.51,0,0,0,0.9,0.37,0,0,0.32,0,0,0,0,0.05,0,0,0,0,0.77,0,0,0,0.2,0,0,0,0,0,0,0.12,0,0.7,0.79,0,0,0,0,0,0,0.82,0,0,0.01,0,0,0,0,0,0.16,0,0.55,0.05,0,0,0,0,0,0,0,0,0,0,0.22,"found species on GBIF","Animalia","Chordata","Reptilia","Squamata","Scincidae","Chalcides","Chalcides striatus",5225191
"Chalcides viridanus","Chalcides viridanus","r26",0,0,0,0,0,0,0,0,0,0,0,0,0,0,0,0,0,0,0,1,0,0,0,0,0,0,0,0,0,0,0,0,0,0,0,0,0,0,0,0,0,0.27,0.65,0.03,0.01,0,0,0,0,0,0,0,0,0,0,0,0,0,0,0,0,0,0,0,0,0,0,0,0,0,0,0,0,0,0,0,0,0,0,0,0,0,0,0,0,0,0,0,0,0,0,0,0,0,0,0,0,0,0,0,0,0,0,0,0,0,0,0,0,0,0.01,0.72,0.08,0,0,0,0,0,0,0,0,0,0,0,0,0,0,0,0,0,0,0,0,0,0,0,0,"found species on GBIF","Animalia","Chordata","Reptilia","Squamata","Scincidae","Chalcides","Chalcides viridanus",5225148
"Chamaeleo africanus","Chamaeleo africanus","r220",0,0.88,0,0,0,0,0.88,0,0.88,0,0,0,0,0,0,0,0,0,0,0,0,0,0,0.8,0,0,0,0,0,0,0.9,0,0.79,0.39,0,0.61,0,0,0,0,0,0,0,0,0,0,0.9,0.72,0,0,0.79,0,0,0,0,0,0,0,0,0,0,0,0,0,0,0,0,0,0.87,0,0,0,0,0,0,0,0,0,0.79,0,0.72,0,0,0.58,0.71,0,0.88,0,0,0,0,0,0,0,0,0,0.23,0.9,0,0,0,0.9,0,0,0,0,0,1,0,0,0,0,0,0.13,0.79,0,0.89,0,0.9,0,0.59,0.7,0,0,0,0,0,0.11,1,0,0,0,0,0,0,0,0,"found species on GBIF","Animalia","Chordata","Reptilia","Squamata","Chamaeleonidae","Chamaeleo","Chamaeleo africanus",2448980
"Chamaeleo chamaeleon","Chamaeleo chamaeleon","r27",0.1,0.01,0.54,0.04,0,0,0,0,0,0,0,0.89,0.01,0.68,0,0,0.08,0,0.8,0,1,0.05,0.81,0.11,0,0,0.02,0,0,0,0,0.89,0.02,0.32,0,0.01,0,0.11,0,0,0,0,0,0,0,0,0,0.96,0.89,0,0,0,0,0,0,0,0,0,0,0,0,0.01,0,0,0.89,0,0,0.04,0.01,0.1,0,0.09,0.01,0.1,0.87,0,0,0,1,0.45,0.05,0.02,0.29,0,0,0.06,0.02,0,0,0,0,0,0.46,0,0,0,0,0,0,0,0,0,0,0.42,0,0.73,0.89,0.02,0,0,0,0,0,0.89,0.11,0.05,0,0,0,0,0.05,0,0,0,0.44,0,0,0.01,0,0.01,0.04,0,0,0.01,0,0,0.27,"found species on GBIF","Animalia","Chordata","Reptilia","Squamata","Chamaeleonidae","Chamaeleo","Chamaeleo chamaeleon",2449051
"Coronella austriaca","Coronella austriaca","r28",0,0.07,0.06,0,0,0,0,0,0,0.92,0,0.07,0,0.07,0,0.04,0,0,0.06,0,0,1,0.19,0.03,0.02,0,0,0,0.03,0.46,0.05,0.08,0.02,0.18,0,0.01,0,0,0,0,0,0,0,0,0,0,0,0.06,0.04,0,0,0.22,0,0,0,0,0,0.01,0,0.01,0.39,0,0.21,0,0.1,0,0,0.05,0.04,0,0.19,0,0,0,0.02,0,0,0,0.11,0.05,0.01,0,0.08,0.1,0,0,0.03,0.02,0,0.01,0,0,0.13,0,0.01,0,0.49,0,0,0,0.09,0.07,0,0,0,0.07,0.09,0.04,0,0,0,0,0,0.12,0.01,0.04,0.12,0,0.01,0,0.01,0.07,0.21,0.57,0.05,0.01,0,0.02,0,0,0,0,0,0.06,0,0,0.05,"found species on GBIF","Animalia","Chordata","Reptilia","Squamata","Colubridae","Coronella","Coronella austriaca",5959617
"Coronella girondica","Coronella girondica","r29",0,0,0.39,0,0,0,0,0,0,0.68,0,0.52,0,0.46,0,0.06,0,0,0.43,0,0.02,0.64,1,0,0,0,0,0,0,0.3,0.06,0.58,0,0.25,0,0,0.01,0,0,0,0,0,0,0,0,0,0,0.25,0.38,0,0,0.27,0,0,0,0,0,0,0,0.01,0.05,0,0.23,0,0.62,0,0,0.17,0,0,0,0,0,0,0.26,0,0,0,0.61,0.28,0,0,0.28,0.06,0,0,0,0.06,0,0,0,0,0.69,0,0,0,0.37,0,0,0,0.13,0,0,0.04,0,0.44,0.59,0,0,0,0,0,0,0.59,0,0.01,0.07,0,0,0,0,0,0.3,0.02,0.38,0.02,0,0,0,0,0,0,0,0,0,0,0.26,"found species on GBIF","Animalia","Chordata","Reptilia","Squamata","Colubridae","Coronella","Coronella girondica",5959645
"Cyrtopodion kotschyi","Mediodactylus kotschyi","r32",0.01,0.62,0,0.03,0,0,0.13,0.04,0.13,0.52,0,0,0.01,0,0,0.08,0.2,0,0,0,0.02,0.55,0,1,0.05,0,0.02,0,0.08,0.53,0.29,0,0.62,0.26,0,0.32,0,0.06,0,0,0,0,0,0,0,0,0.12,0.6,0,0,0.3,0.08,0,0,0,0,0,0,0,0,0.2,0,0.08,0,0,0.01,0,0,0.71,0.04,0.59,0.16,0.01,0.04,0,0,0.03,0,0.53,0,0.38,0.03,0,0.3,0.13,0.12,0.56,0,0,0.34,0,0,0,0,0,0,0.68,0.12,0,0,0.08,0.72,0,0,0,0,0,0.63,0,0,0,0,0,0.22,0.52,0.52,0.81,0,0.38,0,0.37,0.4,0.08,0.11,0,0,0,0.35,0.02,0.01,0.04,0,0,0.37,0,0,0,"found species on GBIF","Animalia","Chordata","Reptilia","Squamata","Gekkonidae","Mediodactylus","Mediodactylus kotschyi",2447858
"Darevskia praticola","Darevskia praticola","r50",0,0.63,0,0,0,0,0,0,0,0.71,0,0,0,0,0,0,0,0,0,0,0,0.91,0,0.17,1,0,0,0,0,0.93,0,0,0,0.28,0,0.09,0,0,0,0,0,0,0,0,0,0,0,0.01,0,0,0,0,0,0,0,0,0,0,0,0,0.25,0,0,0,0,0,0,0,0.33,0,1,0,0,0,0,0,0,0,0.04,0,0.06,0,0,0.29,0,0,0.06,0,0,0,0,0,0,0,0,0,0.91,0,0,0,0,0.88,0,0,0,0,0,0.31,0,0,0,0,0,0,0,0.24,0.92,0,0,0,0.01,0.78,0,0.47,0,0,0,0.32,0,0,0,0,0,0.72,0,0,0,"found species on GBIF","Animalia","Chordata","Reptilia","Squamata","Lacertidae","Darevskia","Darevskia praticola",2468799
"Dolichophis caspius","Dolichophis caspius","r219",0,0.65,0,0,0,0,0.02,0.05,0.02,0.66,0,0,0.01,0,0,0,0.14,0,0,0,0,0.67,0,0.76,0.19,0,0.04,0,0,0.76,0.13,0,0.54,0.12,0.07,0.51,0,0.02,0,0,0,0,0,0,0,0,0.02,0.44,0,0,0.22,0,0,0,0,0,0,0,0,0,0.34,0,0,0,0,0,0,0,0.68,0,0.9,0.14,0.01,0,0,0,0,0,0.5,0,0.31,0.05,0,0.32,0.11,0.12,0.59,0,0,0.44,0,0,0,0,0,0,0.79,0.02,0,0,0,0.82,0,0,0,0,0,0.63,0,0,0,0,0,0.02,0.45,0.68,0.8,0,0.38,0,0.31,0.82,0,0.21,0,0,0,1,0.01,0.01,0.01,0,0,0.54,0.03,0,0,"found species on GBIF","Animalia","Chordata","Reptilia","Squamata","Colubridae","Dolichophis","Dolichophis caspius",2457224
"Dolichophis cypriensis","Dolichophis cypriensis","r104",0.54,0,0,0.46,0,0,0,0,0,0,0,0,0,0,0,0,0.19,0,0,0,0.51,0,0,1,0,0,0,0,0,0,0,0,0,0,0,0,0,1,0,0,0,0,0,0,0,0,0,0.54,0,1,0,0,0,0,0,0,0,0,0,0,0,0,0,0,0,0,0,0,0,1,0,0.81,0,1,0,0,0.46,0,1,0,0.24,0,0,0,0,0,0,0,0,0,0,0,0,0,0,0,0,0,0,0,0,0,0,0,0,0,0,0,0,0,0,0,0,0,1,0,0,0,0,0,0.46,0,0,0,0,0,0,0,0,0,0.81,0,0,0,0,0,0,"found species on GBIF","Animalia","Chordata","Reptilia","Squamata","Colubridae","Dolichophis","Dolichophis cypriensis",2457221
"Dolichophis jugularis","Dolichophis jugularis","r221",0,0.69,0,0,0,0,0,0,0,0,0,0,0.89,0,0,0,0.5,0,0,0,0.08,0,0,0.83,0,0,0.31,0,0,0,0,0,0.79,0.05,0,0.25,0,0.72,0,0,0,0,0,0,0,0,0,0.83,0,0,0,0,0,0,0,0,0,0,0,0,0,0.19,0,0,0,0.51,0,0,0.69,0,0,0.78,0.92,0,0,0,0,0,0.2,0,0.46,0.3,0,0.1,0,0.77,0.82,0,0,0,0,0,0,0,0,0,0,0,0,0,0,0,0,0,0,0,0,0.38,0,0,0,0,0,0,0.79,0.22,0,0,0,0.03,0.56,0.17,0,0,0,0,0,0.26,0,1,0.26,0,0,0.22,0,0,0,"found species on GBIF","Animalia","Chordata","Reptilia","Squamata","Colubridae","Dolichophis","Dolichophis jugularis",2457232
"Eirenis modestus","Eirenis modestus","r68",0,0.24,0,0,0,0,0,0,0,0.01,0,0,0.27,0,0,0,0.07,0,0,0,0.14,0,0,1,0,0,1,0,0,0.01,0,0,0.86,0.11,0,0.75,0,0.38,0,0,0,0,0,0,0,0,0,0.98,0,0,0,0,0,0,0,0,0,0,0,0,0,0.12,0,0,0,0.08,0,0,0.51,0,0.01,0.86,0.16,0,0,0,0,0,0.33,0,0.4,0.78,0,0.05,0,0.91,0.91,0,0,0.01,0,0,0,0,0,0,0,0,0,0,0,0,0,0,0,0,0,0.98,0,0,0,0,0,0,1,0.61,0.01,0,0,0.02,0.57,0.1,0,0,0,0,0,0.81,0,0.21,0.17,0,0,0.14,0,0,0,"found species on GBIF","Animalia","Chordata","Reptilia","Squamata","Colubridae","Eirenis","Eirenis modestus",2455751
"Elaphe quatuorlineata","Elaphe quatuorlineata","r77",0,0.23,0,0,0,0,0.13,0.13,0.13,0.82,0,0,0,0,0,0.47,0.07,0,0,0,0,0.81,0.27,0.26,0,0,0,0,0.32,0.54,1,0,0.28,0.42,0,0.12,0,0,0,0,0,0,0,0,0,0,0.13,0.61,0,0,0.2,0.7,0,0,0,0,0,0.03,0,0,0.01,0,0.53,0,0,0,0,0,0.27,0,0.14,0.02,0,0,0,0,0,0,0.2,0,0.15,0,0,0.36,0.06,0,0.27,0,0,0.07,0,0,0,0,0.08,0,0.77,0.13,0,0,0.72,0.25,0,0,0,0,0,0.31,0,0,0,0,0,0.61,0.21,0.01,0.92,0,0.24,0,0.13,0.22,0.63,0.04,0,0,0,0.05,0.02,0,0,0,0,0,0,0,0,"found species on GBIF","Animalia","Chordata","Reptilia","Squamata","Colubridae","Elaphe","Elaphe quatuorlineata",9197691
"Elaphe sauromates","Elaphe sauromates","r226",0,0.59,0,0,0,0,0,0,0,0.66,0,0,0,0,0,0,0,0,0,0,0,0.99,0,0.37,0.19,0,0,0,0,0.97,0,0,0.13,0.34,0.04,0.13,0,0,0,0,0,0,0,0,0,0,0,0.12,0,0,0,0,0,0,0,0,0,0,0,0,0.41,0,0,0,0,0,0,0,0.49,0,0.96,0.07,0,0,0,0,0,0,0.16,0,0.13,0.01,0,0.26,0.01,0.07,0.31,0,0,0.11,0,0,0,0,0,0,0.72,0,0,0,0,0.83,0,0,0,0,0,0.38,0,0,0,0,0,0,0.09,0.58,0.8,0,0.04,0,0.1,0.44,0,0.31,0,0,0,0.24,0,0,0,0,0,1,0.01,0,0,"found species on GBIF","Animalia","Chordata","Reptilia","Squamata","Colubridae","Elaphe","Elaphe sauromates",2458386
"Emys orbicularis","Emys orbicularis","r80",0,0.12,0.06,0,0.03,0,0.02,0.02,0.02,0.83,0.01,0.13,0,0.1,0,0.06,0.02,0,0.12,0,0.01,0.76,0.3,0.07,0.02,0,0,0,0.03,0.55,0.12,0.14,0.05,1,0,0.01,0.02,0,0,0,0,0,0,0,0,0,0.02,0.15,0.1,0,0.03,0.28,0,0,0,0,0,0.03,0,0,0.19,0,0.12,0,0.14,0,0,0.06,0.11,0,0.3,0.01,0,0,0.07,0,0,0,0.19,0.16,0.07,0,0.21,0.28,0.01,0.01,0.09,0.02,0,0.03,0,0,0.18,0,0.02,0,0.58,0.02,0,0,0.17,0.16,0.03,0.01,0,0.14,0.15,0.11,0,0,0,0,0,0.2,0.04,0.06,0.24,0,0.06,0,0.02,0.13,0.29,0.38,0.07,0.01,0,0.01,0,0,0,0,0,0.09,0,0,0.05,"found species on GBIF","Animalia","Chordata","Reptilia","Testudines","Emydidae","Emys","Emys orbicularis",8909809
"Emys trinacris","Emys trinacris","r198",0,0,0,0,0,0,0,0,0,0,0,0,0,0,0,0.95,0.95,0,0,0,0,0.54,0,0,0,0,0,0,1,0,0,0,0.42,0,0,0,0,0,0,0,0,0,0,0,0,0,0,0.83,0,0,0,1,0,0,0,0,0,0,0,0,0,0,0.95,0,0,0,0,0,0,0,0,0,0,0,0,0,0,0,0,0,0,0,0,0,0,0,0,0,0,0,0,0,0,0,0,0,0,0,0,0,1,0,0,0,0.97,0,0,0,0,0,0,0,0,0.95,0,0,0.84,1,0,0,0,0,1,0,0,0,0,0,0,0,0,0,0,0,0,0,0,"found species on GBIF","Animalia","Chordata","Reptilia","Testudines","Emydidae","Emys","Emys trinacris",5220531
"Eremias arguta","Eremias arguta","r81",0,0.33,0,0,0,0,0,0,0,0.26,0,0,0,0,0,0,0,0,0,0,0,1,0,0.03,0,0,0,0,0,1,0,0,0,0.01,1,0.14,0,0,0,0,0,0,0,0,0,0,0,0,0,0,0,0,0,0,0,0,0,0,0,0,0.99,0,0,0,0,0,0,0,0.12,0,0.99,0,0,0,0,0,0,0,0,0,0,0,0,0.13,0,0,0,0,0,0,0,0,0,0,0,0,0.04,0,0,0,0,0.11,0,0,0,0,0,0,0,0,0,0,0,0,0,0.6,0.05,0,0,0,0,0.31,0,0.1,0,0,0,0.71,0,0,0,0,0,1,0.3,0,0,"found species on GBIF","Animalia","Chordata","Reptilia","Squamata","Lacertidae","Eremias","Eremias arguta",2468945
"Eryx jaculus","Eryx jaculus","r88",0,0.78,0,0,0,0,0.27,0.07,0.27,0.56,0,0,0.01,0,0,0,0.18,0,0,0,0.01,0.55,0,0.98,0.07,0,0.05,0,0,0.59,0.42,0,0.79,0.17,0.02,1,0,0.02,0,0,0,0,0,0,0,0,0.28,0.65,0,0,0.49,0,0,0,0,0,0,0,0,0,0.12,0.01,0,0,0,0,0,0,0.93,0,0.64,0.19,0.01,0,0,0,0,0,0.82,0,0.49,0.06,0,0.37,0.23,0.16,0.87,0,0,0.44,0,0,0,0,0,0,0.81,0.28,0,0,0,0.93,0,0,0,0,0,0.89,0,0,0,0,0,0.17,0.72,0.53,0.91,0,0.57,0,0.51,0.93,0,0.11,0,0,0,0.72,0.05,0.01,0.01,0,0,0.41,0,0,0,"found species on GBIF","Animalia","Chordata","Reptilia","Squamata","Boidae","Eryx","Eryx jaculus",9595248
"Euleptes europaea","Euleptes europaea","r90",0,0,0,0,0.76,0,0,0,0,0.23,0.19,0,0,0,0,0.45,0.41,0,0.14,0,0,0.13,0.23,0,0,0,0,0,0,0.23,0.04,0.14,0,0.43,0,0,1,0,0,0,0,0,0,0,0,0,0,0.7,0.1,0,0,0.63,0,0,0,0,0,0,0,0,0,0,0.19,0,0.14,0,0,0,0,0,0,0,0,0,0,0,0,0,0.14,0,0,0,0.21,0.02,0,0,0,0,0,0,0,0,0,0,0,0,0.24,0,0,0,0.8,0,0.76,0,0,0,0.18,0,0,0,0,0,0,0.77,0,0.06,0.41,0,0.1,0,0,0,0.13,0,0,0,0.01,0,0,0,0,0,0,0,0,0,0,"found species on GBIF","Animalia","Chordata","Reptilia","Squamata","Sphaerodactylidae","Euleptes","Euleptes europaea",2446608
"Eumeces schneideri","Eumeces schneideri","r91",0.24,0.21,0,0.58,0,0,0,0,0,0,0,0,0.19,0,0,0,0.8,0,0,0,0.28,0,0,0.99,0,0,0.13,0,0,0,0,0,0.25,0.01,0,0.11,0,1,0,0,0,0,0,0,0,0,0,0.98,0,0,0.02,0,0,0,0,0,0,0,0,0,0,0.05,0,0,0,0.12,0,0,0.19,0.71,0,0.93,0.17,0.7,0,0,0.48,0,0.82,0,0.46,0.13,0,0.02,0,0.74,0.26,0,0,0,0,0,0,0,0,0,0,0,0,0,0,0,0,0,0,0,0,0.14,0,0,0,0,0,0,0.98,0.05,0,0,0,0.01,0.74,0.04,0,0,0,0,0,0.13,0,0.17,0.59,0,0,0.05,0,0,0,"found species on GBIF","Animalia","Chordata","Reptilia","Squamata","Scincidae","Eumeces","Eumeces schneideri",9032472
"Gallotia atlantica","Gallotia atlantica","r92",0,0,0,0,0,0,0,0,0,0,0,0,0,0,0.02,0,0,0.01,0,0,0,0,0,0,0,0,0,0,0,0,0,0,0,0,0,0,0,0,1,0,0,0,0,0,0,0.03,0,0,0,0,0,0,0,0,0,0,0,0,0,0,0,0,0,0,0,0,0,0,0,0,0,0,0,0,0,0,0,0,0,0,0,0,0,0,0,0,0,0,0,0,0,0,0,0,0,0,0,0,0,0,0,0,0,0,0,0,0,0,0.91,0,0.01,0,0,0,0,0,0,0,0,0,0,0,0,0,0,0,0,0,0,0,0,0,0,0,0,0,0,"found species on GBIF","Animalia","Chordata","Reptilia","Squamata","Lacertidae","Gallotia","Gallotia atlantica",2468656
"Gallotia auaritae","Gallotia auaritae","r93",0,0,0,0,0,0,0,0,0,0,0,0,0,0,0,0,0,0,0,0.01,0,0,0,0,0,0,0,0,0,0,0,0,0,0,0,0,0,0,0,1,0,0,1,0,0,0,0,0,0,0,0,0,0,0,0,0,0,0,0,0,0,0,0,0,0,0,0,0,0,0,0,0,0,0,0,0,0,0,0,0,0,0,0,0,0,0,0,0,0,0,0,0,0,0,0,0,0,0,0,0,0,0,0,0,0,0,0,0,0,0,0,1,0,0,0,0,0,0,0,0,0,0,0,0,0,0,0,0,0,0,0,0,0,0,0,0,0,"found species on GBIF","Animalia","Chordata","Reptilia","Squamata","Lacertidae","Gallotia","Gallotia auaritae",2468672
"Gallotia bravoana","Gallotia bravoana","r94",0,0,0,0,0,0,0,0,0,0,0,0,0,0,0,0,0,0,0,1,0,0,0,0,0,0,0,0,0,0,0,0,0,0,0,0,0,0,0,0,1,1,0,0,0,0,0,0,0,0,0,0,0,0,0,0,0,0,0,0,0,0,0,0,0,0,0,0,0,0,0,0,0,0,0,0,0,0,0,0,0,0,0,0,0,0,0,0,0,0,0,0,0,0,0,0,0,0,0,0,0,0,0,0,0,0,0,0,0,0,0,0,1,0,0,0,0,0,0,0,0,0,0,0,0,0,0,0,0,0,0,0,0,0,0,0,0,"found species on GBIF","Animalia","Chordata","Reptilia","Squamata","Lacertidae","Gallotia","Gallotia bravoana",7872185
"Gallotia caesaris","Gallotia caesaris","r95",0,0,0,0,0,0,0,0,0,0,0,0,0,0,0,0,0,0,0,1,0,0,0,0,0,0,0,0,0,0,0,0,0,0,0,0,0,0,0,0,0.01,1,0.12,0.01,0.03,0,0,0,0,0,0,0,0,0,0,0,0,0,0,0,0,0,0,0,0,0,0,0,0,0,0,0,0,0,0,0,0,0,0,0,0,0,0,0,0,0,0,0,0,0,0,0,0,0,0,0,0,0,0,0,0,0,0,0,0,0,0,0,0,0,0.04,0.12,0.27,0,0,0,0,0,0,0,0,0,0,0,0,0,0,0,0,0,0,0,0,0,0,0,0,"found species on GBIF","Animalia","Chordata","Reptilia","Squamata","Lacertidae","Gallotia","Gallotia caesaris",2468663
"Gallotia galloti","Gallotia galloti","r96",0,0,0,0,0,0,0,0,0,0,0,0,0,0,0,0,0,0,0,0.63,0,0,0,0,0,0,0,0,0,0,0,0,0,0,0,0,0,0,0,0.1,0,0.03,1,0.03,0,0,0,0,0,0,0,0,0,0,0,0,0,0,0,0,0,0,0,0,0,0,0,0,0,0,0,0,0,0,0,0,0,0,0,0,0,0,0,0,0,0,0,0,0,0,0,0,0,0,0,0,0,0,0,0,0,0,0,0,0,0,0,0,0,0,0,1,0,0,0,0,0,0,0,0,0,0,0,0,0,0,0,0,0,0,0,0,0,0,0,0,0,"found species on GBIF","Animalia","Chordata","Reptilia","Squamata","Lacertidae","Gallotia","Gallotia galloti",8682680
"Gallotia intermedia","Gallotia intermedia","r97",0,0,0,0,0,0,0,0,0,0,0,0,0,0,0,0,0,0,0,1,0,0,0,0,0,0,0,0,0,0,0,0,0,0,0,0,0,0,0,0,0,0.05,1,1,0,0,0,0,0,0,0,0,0,0,0,0,0,0,0,0,0,0,0,0,0,0,0,0,0,0,0,0,0,0,0,0,0,0,0,0,0,0,0,0,0,0,0,0,0,0,0,0,0,0,0,0,0,0,0,0,0,0,0,0,0,0,0,0,0,0,0,1,0,0,0,0,0,0,0,0,0,0,0,0,0,0,0,0,0,0,0,0,0,0,0,0,0,"found species on GBIF","Animalia","Chordata","Reptilia","Squamata","Lacertidae","Gallotia","Gallotia intermedia",2468688
"Gallotia simonyi","Gallotia simonyi","r98",0,0,0,0,0,0,0,0,0,0,0,0,0,0,0,0,0,0,0,1,0,0,0,0,0,0,0,0,0,0,0,0,0,0,0,0,0,0,0,0,0,1,0,0,1,0,0,0,0,0,0,0,0,0,0,0,0,0,0,0,0,0,0,0,0,0,0,0,0,0,0,0,0,0,0,0,0,0,0,0,0,0,0,0,0,0,0,0,0,0,0,0,0,0,0,0,0,0,0,0,0,0,0,0,0,0,0,0,0,0,0.2,0,0,0,0,0,0,0,0,0,0,0,0,0,0,0,0,0,0,0,0,0,0,0,0,0,0,"found species on GBIF","Animalia","Chordata","Reptilia","Squamata","Lacertidae","Gallotia","Gallotia simonyi",2468673
"Gallotia stehlini","Gallotia stehlini","r99",0,0,0,0,0,0,0,0,0,0,0,0,0,0,0.96,0,0,0.5,0,0,0,0,0,0,0,0,0,0,0,0,0,0,0,0,0,0,0,0,0.07,0,0,0,0,0,0,1,0,0,0,0,0,0,0,0,0,0,0,0,0,0,0,0,0,0,0,0,0,0,0,0,0,0,0,0,0,0,0,0,0,0,0,0,0,0,0,0,0,0,0,0,0,0,0,0,0,0,0,0,0,0,0,0,0,0,0,0,0,0,0.04,0,0.22,0,0,0,0,0,0,0,0,0,0,0,0,0,0,0,0,0,0,0,0,0,0,0,0,0,0,"found species on GBIF","Animalia","Chordata","Reptilia","Squamata","Lacertidae","Gallotia","Gallotia stehlini",2468651
"Hellenolacerta graeca","Hellenolacerta graeca","r101",0,0.96,0,0,0,0,0.97,0,0.96,0.35,0,0,0,0,0,0,0.22,0,0,0,0,0.28,0,0.85,0,0,0,0,0,0.21,0.98,0,0.85,0.45,0,0.63,0,0,0,0,0,0,0,0,0,0,1,0.59,0,0,0.85,0,0,0,0,0,0,0,0,0,0,0,0,0,0,0,0,0,0.96,0,0,0,0,0,0,0,0,0,0.85,0,0.63,0,0,0.45,0.46,0,0.96,0,0,0.08,0,0,0,0,0,0,0.61,1,0,0,0,1,0,0,0,0,0,1,0,0,0,0,0,0.51,0.85,0.04,0.99,0,0.99,0,0.63,0.73,0,0,0,0,0,0.06,0.17,0,0,0,0,0,0,0,0,"found species on GBIF","Animalia","Chordata","Reptilia","Squamata","Lacertidae","Hellenolacerta","Hellenolacerta graeca",5789567
"Hemidactylus turcicus","Hemidactylus turcicus","r102",0.01,0.14,0.25,0.01,0.05,0,0.04,0.03,0.04,0.39,0.01,0.35,0,0.3,0,0.27,0.16,0,0.32,0,0.06,0.4,0.47,0.24,0,0,0.01,0,0.15,0.21,0.27,0.42,0.22,0.23,0,0.08,0.04,0.02,0,0,0,0,0,0,0,0,0.03,1,0.4,0,0.11,0.31,0,0,0,0,0,0,0,0,0.02,0,0.28,0,0.42,0,0,0.01,0.18,0.02,0.11,0.05,0,0.02,0.32,0,0.01,0,0.59,0.21,0.12,0.01,0.17,0.14,0.05,0.04,0.16,0,0,0.1,0,0,0.32,0,0.01,0,0.33,0.03,0,0,0.31,0.14,0.05,0.09,0.04,0.25,0.42,0.17,0,0,0,0,0,0.83,0.18,0.1,0.41,0.03,0.11,0,0.11,0.1,0.25,0.01,0.25,0,0,0.08,0.01,0,0.01,0,0,0.05,0,0,0.19,"found species on GBIF","Animalia","Chordata","Reptilia","Squamata","Gekkonidae","Hemidactylus","Hemidactylus turcicus",5221528
"Hemorrhois algirus","Hemorrhois algirus","r223",0,0,0,0,0,0,0,0,0,0,0,0,0,0,0,0,0.95,0,0,0,0,0,0,0,0,0,0,0,0,0,0,0,0,0,0,0,0,0,0,0,0,0,0,0,0,0,0,1,0,0,0,0.95,0,0,0,0,0,0,0,0,0,0,0,0,0,0,0,0,0,0,0,0,0,0,0,0,0,0,0,0,0,0,0,0,0,0,0,0,0,0,1,0,0,0,0,0,0,0,0,0,0,0,0,0,0,0,0,0,0,0,0,0,0,1,0.95,0,0,0,0,0,0,0,0,0,0,0,0,0,0,0,0,1,0,0,0,0,0,"found species on GBIF","Animalia","Chordata","Reptilia","Squamata","Colubridae","Hemorrhois","Hemorrhois algirus",2459008
"Hemorrhois hippocrepis","Hemorrhois hippocrepis","r103",0,0,0.67,0,0.02,0,0,0,0,0.32,0,0.92,0,0.75,0,0.02,0.02,0,0.72,0,0.07,0.36,0.92,0,0,0,0,0,0,0,0,0.98,0,0.19,0,0,0.01,0,0,0,0,0,0,0,0,0,0,0.51,1,0,0,0.02,0,0,0,0,0,0,0,0,0,0,0,0,0.98,0,0,0.1,0,0,0,0,0,0,0.68,0,0,0,0.98,0.46,0,0,0.31,0,0,0,0,0,0,0,0,0,0.84,0,0,0,0.01,0,0,0,0.02,0,0.02,0.15,0,0.63,0.96,0,0,0,0,0,0,0.99,0,0.02,0,0,0,0,0,0,0.01,0,0.66,0,0,0,0,0,0,0,0,0,0,0,0.41,"found species on GBIF","Animalia","Chordata","Reptilia","Squamata","Colubridae","Hemorrhois","Hemorrhois hippocrepis",2459023
"Hemorrhois nummifer","Hemorrhois nummifer","r222",0.14,0.06,0,0.76,0,0,0,0,0,0,0,0,0.1,0,0,0,0.83,0,0,0,0.15,0,0,1,0,0,0.1,0,0,0,0,0,0.1,0.01,0,0.09,0,0.96,0,0,0,0,0,0,0,0,0,0.99,0,0.01,0,0,0,0,0,0,0,0,0,0,0,0.06,0,0,0,0.01,0,0,0.06,0.9,0,1,0.07,0.9,0,0,0.76,0,0.96,0,0.47,0.1,0,0.02,0,0.74,0.09,0,0,0,0,0,0,0,0,0,0,0,0,0,0,0,0,0,0,0,0,0.1,0,0,0,0,0,0,1,0.07,0,0,0,0.01,0.84,0.06,0,0,0,0,0,0.1,0,0.1,1,0,0,0.06,0,0,0,"found species on GBIF","Animalia","Chordata","Reptilia","Squamata","Colubridae","Hemorrhois","Hemorrhois nummifer",2459015
"Hierophis gemonensis","Hierophis gemonensis","r105",0,0.85,0,0,0,0,0.37,0.24,0.37,0.44,0,0,0,0,0,0,0.43,0,0,0,0,0.23,0,0.88,0,0,0,0,0,0.34,0.66,0,0.98,0.34,0,0.47,0,0,0,0,0,0,0,0,0,0,0.36,0.78,0,0,1,0.04,0,0,0,0,0,0.02,0,0,0.01,0,0.02,0,0,0,0,0,0.97,0,0.43,0.04,0,0,0,0,0,0,0.85,0,0.56,0,0,0.36,0.32,0,0.83,0,0,0.41,0,0,0,0,0.12,0,0.69,0.36,0,0,0.1,0.75,0,0,0,0,0,0.86,0,0,0,0,0,0.44,0.97,0.14,0.86,0,0.75,0,0.55,0.56,0.01,0.01,0,0,0,0.29,0.06,0,0,0,0,0,0,0,0,"found species on GBIF","Animalia","Chordata","Reptilia","Squamata","Colubridae","Hierophis","Hierophis gemonensis",2458928
"Hierophis gyarosensis","Hierophis viridiflavus","r224",0,0.84,0,0,0,0,0,0,0,0,0,0,0,0,0,0,0.84,0,0,0,0,0,0,0.93,0,0,0,0,0,0,0.84,0,0.84,0.03,0,0.64,0,0,0,0,0,0,0,0,0,0,0,0.93,0,0,0,0,0,0,0,0,0,0,0,0,0,0,0,0,0,0,0,0,0.84,0,0,0,0,0,0,0,0,0,0,0,0.14,0,0,0,0,0,0,0,0,0.84,0,0,0,0,0,0,0,0,0,0,0,0,0,0,0,0,0,0,0,0,0,0,0,0,0.84,0,0.79,0,0.84,0,0,0.64,0,0,0,0,0,0.64,0,0,0,0,1,0,0,0,0,"found species on GBIF","Animalia","Chordata","Reptilia","Squamata","Colubridae","Hierophis","Hierophis viridiflavus",2458916
"Hierophis viridiflavus","Hierophis viridiflavus","r106",0,0,0,0,0.05,0,0,0.01,0,0.89,0.02,0,0,0,0,0.21,0.06,0,0.06,0,0,0.86,0.32,0.02,0,0,0,0,0.12,0.76,0.19,0.01,0.03,0.27,0,0,0.02,0,0,0,0,0,0,0,0,0,0,0.19,0.01,0,0,1,0,0,0,0,0,0.01,0,0,0.27,0,0.63,0,0.04,0,0,0,0,0,0.01,0,0,0,0,0,0,0,0.04,0.01,0,0,0.17,0.13,0,0,0,0,0,0,0,0,0.04,0,0.01,0,0.87,0,0,0,0.4,0,0.05,0,0.03,0,0.01,0.01,0,0,0,0,0,0.25,0,0,0.23,0.02,0,0,0,0.02,0.79,0.17,0,0,0,0,0,0,0,0,0,0,0,0,0.03,"found species on GBIF","Animalia","Chordata","Reptilia","Squamata","Colubridae","Hierophis","Hierophis viridiflavus",2458916
"Iberolacerta aranica","Iberolacerta aranica","r107",0,0,0,0,0,0,0,0,0,0.7,0,0,0,0,0,0,0,0,0,0,0,0.61,0,0,0,0,0,0,0,0.39,0,0,0,0,0,0,0,0,0,0,0,0,0,0,0,0,0,0,0,0,0,0.39,1,0,0.04,0,0,0,0,0,0.61,0,0.39,0,0.52,0,0,0,0,0,0,0,0,0,0,0,0,0,0.61,0,0,0,0.35,0,0,0,0,0,0,0,0,0,0,0,0,0,0.91,0,0,0,0,0,0,0,0,0,0,0,0,0,0,0,0,0,0,0,0,0,0,0,0,0,1,0,0,0,0,0,0,0,0,0,0,0,0,0,0.83,"found species on GBIF","Animalia","Chordata","Reptilia","Squamata","Lacertidae","Iberolacerta","Iberolacerta aranica",7837038
"Iberolacerta aurelioi","Iberolacerta aurelioi","r108",0,0,0,0,0,0,0,0,0,0,0,0,0,0,0,0,0,0,0,0,0,0,0,0,0,0,0,0,0,0,0,0,0,0,0,0,0,0,0,0,0,0,0,0,0,0,0,0,0,0,0,0,0,1,0,0,0,0,0,0,0,0,0,0,0.25,0,0,0,0,0,0,0,0,0,0,0,0,0,0,0,0,0,0,0,0,0,0,0,0,0,0,0,1,0,0,0,0.25,0,0,0,0,0,0,0,0,0,0,0,0,0,0,0,0,0,0,0,0,0,0,0,0,0,1,0,0,0,0,0,0,0,0,0,0,0,0,0,0.25,"found species on GBIF","Animalia","Chordata","Reptilia","Squamata","Lacertidae","Iberolacerta","Iberolacerta aurelioi",2468520
"Iberolacerta bonnali","Iberolacerta bonnali","r109",0,0,0,0,0,0,0,0,0,0.62,0,0,0,0,0,0,0,0,0.07,0,0,0.55,0.03,0,0,0,0,0,0,0.38,0,0.12,0,0,0,0,0,0,0,0,0,0,0,0,0,0,0,0,0,0,0,0.38,0,0,1,0,0,0,0,0,0.46,0,0.38,0,0.71,0,0,0,0,0,0,0,0,0,0,0,0,0,0.55,0,0,0,0.24,0,0,0,0,0,0,0,0,0,0.88,0,0,0,0.87,0,0,0,0,0,0,0,0,0,0,0,0,0,0,0,0,0.29,0,0,0,0,0,0,0,0,1,0,0.01,0,0,0,0,0,0,0,0,0,0,0,0.56,"found species on GBIF","Animalia","Chordata","Reptilia","Squamata","Lacertidae","Iberolacerta","Iberolacerta bonnali",2468525
"Iberolacerta cyreni","Iberolacerta cyreni","r110",0,0,0.67,0,0,0,0,0,0,1,0,0.94,0,0.95,0,0,0,0,0.74,0,0,1,0.88,0,0,0,0,0,0,0,0,0.75,0,0.09,0,0,0,0,0,0,0,0,0,0,0,0,0,0,0.29,0,0,0,0,0,0,1,0,0,0,0,0,0,0,0,0.75,0,0,0.99,0,0,0,0,0,0,0.15,0,0,0,0.75,0.1,0,0,0.34,0,0,0,0,0,0,0,0,0,1,0,0,0,0.36,0,0,0,0,0,0,0,0,1,0.93,0,0,0,0,0,0,0.65,0,0,0,0,0,0,0,0,0,0,0.87,0,0,0,0,0,0,0,0,0,0,0,0,"found species on GBIF","Animalia","Chordata","Reptilia","Squamata","Lacertidae","Iberolacerta","Iberolacerta cyreni",2468503
"Iberolacerta galani","Iberolacerta galani","r111",0,0,0.99,0,0,0,0,0,0,0.99,0,0.93,0,0,0,0,0,0,0.3,0,0,0.99,0.98,0,0,0,0,0,0,0,0,0.56,0,0,0,0,0,0,0,0,0,0,0,0,0,0,0,0,0,0,0,0,0,0,0,0,1,0,0,0.35,0,0,0,0,0.98,0,0,0.99,0,0,0,0,0,0,0,0,0,0,0.99,0.12,0,0,0.44,0,0,0,0,0.99,0,0,0,0,1,0,0,0,0,0,0,0,0,0,0,0,0,0.99,0.79,0,0,0,0,0,0,0.2,0,0,0,0,0,0,0,0,0,0,0.74,0.33,0,0,0,0,0,0,0,0,0,0,0,"found species on GBIF","Animalia","Chordata","Reptilia","Squamata","Lacertidae","Iberolacerta","Iberolacerta galani",2468522
"Iberolacerta horvathi","Iberolacerta horvathi","r112",0,0,0,0,0,0,0,0.11,0,0.91,0,0,0,0,0,0,0,0,0,0,0,0.99,0,0,0,0,0,0,0,0.87,0.14,0,0.04,0.47,0,0,0,0,0,0,0,0,0,0,0,0,0,0.01,0,0,0.02,0.18,0,0,0,0,0,1,0,0,0.15,0,0.04,0,0,0,0,0,0.08,0,0.58,0,0,0,0,0,0,0,0.05,0,0,0,0,0.41,0,0,0.09,0,0,0,0,0,0,0,0.22,0,1,0,0,0,0.07,0,0,0,0,0,0,0.2,0,0,0,0,0,0,0.03,0,0.17,0,0,0,0,0.86,0.12,0.84,0,0,0,0,0,0,0,0,0,0,0,0,0,"found species on GBIF","Animalia","Chordata","Reptilia","Squamata","Lacertidae","Iberolacerta","Iberolacerta horvathi",2468506
"Iberolacerta martinezricai","Iberolacerta martinezricai","r113",0,0,0.28,0,0,0,0,0,0,1,0,1,0,1,0,0,0,0,0.28,0,0,1,1,0,0,0,0,0,0,0,0,0.28,0,0.49,0,0,0,0,0,0,0,0,0,0,0,0,0,0,0.28,0,0,0,0,0,0,0,0,0,1,0,0,0,0,0,0.28,0,0,1,0,0,0,0,0,0,0.16,0,0,0,0.28,0.57,0,0,0.41,0,0,0,0,0,0.11,0,0,0,1,0,0,0,0,0,0,0,0,0,0,0,0,1,1,0,0,0,0,0,0,0.28,0,0,0,0,0,0,0,0,0,0,0.3,0,0,0,0,0,0,0,0,0,0,0,0,"found species on GBIF","Animalia","Chordata","Reptilia","Squamata","Lacertidae","Iberolacerta","Iberolacerta martinezricai",2468518
"Iberolacerta monticola","Iberolacerta monticola","r114",0,0,0.04,0,0,0,0,0,0,1,0,0.14,0,0.02,0,0,0,0,0.04,0,0,1,0.59,0,0,0,0,0,0,0.02,0,0.03,0,0.12,0,0,0,0,0,0,0,0,0,0,0,0,0,0,0,0,0,0,0,0,0,0,0,0,0,1,0,0,0.02,0,0.05,0,0,1,0,0,0,0,0,0,0,0,0,0,0.03,0.09,0,0,0.33,0,0,0,0,0.7,0,0,0,0,0.67,0,0,0,0.42,0,0,0,0,0,0,0,0,0.3,0.18,0,0,0,0,0,0,0.02,0,0,0,0,0,0,0,0,0,0,0.06,0.05,0,0,0,0,0,0,0,0,0,0,0,"found species on GBIF","Animalia","Chordata","Reptilia","Squamata","Lacertidae","Iberolacerta","Iberolacerta monticola",2468511
"Lacerta agilis","Lacerta agilis","r115",0,0.06,0,0,0,0,0,0,0,0.96,0,0,0,0,0,0,0,0,0.01,0,0,0.79,0.03,0.02,0.01,0,0,0,0,0.38,0,0.01,0.01,0.09,0.01,0,0,0,0,0,0,0,0,0,0,0,0,0.01,0,0,0,0.14,0,0,0,0,0,0,0,0,1,0,0.21,0,0.01,0,0,0,0.02,0,0.23,0,0,0,0,0,0,0,0.02,0,0.01,0,0.04,0.06,0,0,0.01,0,0,0.01,0,0,0.01,0,0,0,0.41,0,0,0,0,0.08,0,0,0,0,0,0.02,0,0,0,0,0,0.01,0.01,0.05,0.05,0,0.01,0,0,0.03,0.11,0.71,0,0,0,0.02,0,0,0,0,0,0.05,0,0,0.01,"found species on GBIF","Animalia","Chordata","Reptilia","Squamata","Lacertidae","Lacerta","Lacerta agilis",6159223
"Lacerta bilineata","Lacerta bilineata","r117",0,0,0.03,0,0,0,0,0,0,0.95,0,0.01,0,0.03,0,0.19,0.03,0,0.11,0,0,0.92,0.28,0.02,0,0,0,0,0.12,0.72,0.15,0.06,0.03,0.13,0,0,0.01,0,0,0,0,0,0,0,0,0,0,0.18,0,0,0,0.69,0,0,0,0,0,0,0,0,0.45,0,1,0,0.11,0,0,0.01,0,0,0,0,0,0,0,0,0,0,0.09,0.02,0,0,0.14,0.09,0,0,0,0,0,0,0,0,0.08,0,0,0,0.9,0,0,0,0.27,0,0,0,0.04,0.04,0.03,0,0,0,0,0,0,0.28,0,0,0.19,0.02,0,0,0,0,0.59,0.32,0.01,0.01,0,0,0,0,0,0,0,0,0,0,0.02,"found species on GBIF","Animalia","Chordata","Reptilia","Squamata","Lacertidae","Lacerta","Lacerta bilineata",6159243
"Lacerta schreiberi","Lacerta schreiberi","r132",0,0,0.29,0,0,0,0,0,0,0.95,0,0.51,0,0.34,0,0,0,0,0.45,0,0.01,0.91,0.89,0,0,0,0,0,0,0.05,0,0.4,0,0.26,0,0,0,0,0,0,0,0,0,0,0,0,0,0.02,0.22,0,0,0,0,0,0,0.02,0,0,0,0.13,0,0,0.05,0,0.46,0,0,1,0,0,0,0,0,0,0.1,0,0,0,0.41,0.35,0,0,0.35,0,0,0,0,0.38,0.01,0,0,0,0.93,0,0,0,0.24,0,0,0,0,0,0,0,0,0.71,0.46,0,0,0,0,0,0,0.31,0,0,0,0,0,0,0,0,0.04,0,0.36,0.12,0,0,0,0,0,0,0,0,0,0,0,"found species on GBIF","Animalia","Chordata","Reptilia","Squamata","Lacertidae","Lacerta","Lacerta schreiberi",6159196
"Lacerta trilineata","Lacerta trilineata","r134",0,0.69,0,0,0,0,0.14,0.11,0.14,0.61,0,0,0.01,0,0,0,0.15,0,0,0,0,0.61,0,0.68,0.08,0,0.01,0,0,0.69,0.29,0,0.56,0.39,0,0.29,0,0.01,0,0,0,0,0,0,0,0,0.13,0.43,0,0,0.32,0.01,0,0,0,0,0,0.02,0,0,0.16,0,0,0,0,0.01,0,0,1,0,0.76,0.1,0.01,0,0,0,0,0,0.5,0,0.4,0.02,0,0.35,0.12,0.08,0.74,0,0,0.32,0,0,0,0,0.05,0,0.84,0.13,0,0,0.03,0.88,0,0,0,0,0,0.79,0,0,0,0,0,0.14,0.47,0.44,0.9,0,0.45,0,0.32,0.61,0,0.14,0,0,0,0.29,0.02,0.01,0,0,0,0.47,0,0,0,"found species on GBIF","Animalia","Chordata","Reptilia","Squamata","Lacertidae","Lacerta","Lacerta trilineata",6159197
"Lacerta viridis","Lacerta viridis","r136",0,0.34,0,0,0,0,0,0.03,0,0.83,0,0,0,0,0,0,0.02,0,0,0,0,0.84,0,0.17,0.07,0,0,0,0,0.81,0.04,0,0.1,0.33,0.01,0.06,0,0,0,0,0,0,0,0,0,0,0,0.08,0,0,0.04,0.01,0,0,0,0,0,0.03,0,0,0.51,0,0,0,0,0,0,0,0.22,0,1,0.02,0,0,0,0,0,0,0.11,0,0.08,0,0,0.25,0.02,0.02,0.17,0,0,0.08,0,0,0,0,0.02,0,0.71,0,0,0,0.01,0.42,0,0,0,0,0,0.2,0,0,0,0,0,0,0.08,0.21,0.37,0,0.09,0,0.06,0.31,0,0.44,0,0,0,0.11,0,0,0,0,0,0.27,0,0,0,"found species on GBIF","Animalia","Chordata","Reptilia","Squamata","Lacertidae","Lacerta","Lacerta viridis",6159273
"Laudakia stellio","Stellagama stellio","r139",0.07,0.35,0,0.21,0,0,0,0.07,0,0.54,0,0,0.07,0,0,0,0.36,0,0,0,0.08,0.44,0,0.99,0,0,0.11,0,0,0.44,0.13,0,0.69,0.19,0,0.39,0,0.34,0,0,0,0,0,0,0,0,0,0.8,0,0,0.09,0,0,0,0,0,0,0,0,0,0.13,0.02,0,0,0,0.05,0,0,0.63,0.24,0.52,1,0.06,0.24,0,0,0.17,0.01,0.77,0,0.48,0.1,0,0.22,0.02,0.37,0.69,0,0,0.53,0,0,0,0,0,0,0.53,0,0,0,0,0.54,0,0,0,0,0,0.64,0,0,0,0,0,0,0.95,0.52,0.54,0,0.29,0,0.76,0.3,0,0.12,0,0,0,0.41,0,0.07,0.22,0,0,0.42,0,0,0,"found species on GBIF","Animalia","Chordata","Reptilia","Squamata","Agamidae","Stellagama","Stellagama stellio",7504253
"Macroprotodon brevis","Macroprotodon brevis","r143",0,0,0.67,0,0,0,0,0,0,0.17,0,1,0,0.79,0,0,0,0,0.84,0,0.09,0.27,0.92,0,0,0,0,0,0,0,0,1,0,0.19,0,0,0,0,0,0,0,0,0,0,0,0,0,0.58,0.98,0,0,0,0,0,0,0,0,0,0,0,0,0,0,0,1,0,0,0.07,0,0,0,0,0,0,1,0,0,0,1,0.47,0,0,0.31,0,0,0,0,0,0,0,0,0,0.79,0,0,0,0,0,0,0,0,0,0,0.21,0,0.73,1,0,0,0,0,0,0,1,0,0.03,0,0,0,0,0,0,0,0,0.67,0,0,0,0,0,0,0,0,0,0,0,0.35,"found species on GBIF","Animalia","Chordata","Reptilia","Squamata","Colubridae","Macroprotodon","Macroprotodon brevis",2455958
"Macroprotodon cucullatus","Macroprotodon cucullatus","r144",0,0,0,0,0,0,0,0,0,0,0,0,0,0,0,0,1,0,0,0,0,0,0,0,0,0,0,0,0,0,0,0,0,0,0,0,0,0,0,0,0,0,0,0,0,0,0,1,0,0,0,0,0,0,0,0,0,0,0,0,0,0,0,0,0,0,0,0,0,0,0,0,0,0,0,1,0,0,1,0,0,0,0,0,0,0,0,0,0,0,1,0,0,0,0,0,0,0,0,0,1,0,0,0,0,0,0,0,0,0,0,0,0,1,0,0,0,0,0,0,0,0,0,0,0,0,0,0,0,0,0,0,0,0,0,0,0,"found species on GBIF","Animalia","Chordata","Reptilia","Squamata","Colubridae","Macroprotodon","Macroprotodon cucullatus",7881183
"Macroprotodon mauritanicus","Macroprotodon mauritanicus","r251",0,0,0,0,0,0,0,0,0,0,0,0,0,0,0,0,0,0,0,0,0,0,0,0,0,0,0,0,0,0,0,0.19,0,0.02,0,0,0,0,0,0,0,0,0,0,0,0,0,0.61,0,0,0,0,0,0,0,0,0,0,0,0,0,0,0,0,0,0,0,0,0,0,0,0,0,0,0,0,0,0,0,0,0,0,0.17,0,0,0,0,0,0,0,0,0,0,0.12,0,0,0,0,0.02,0,0,0,0,0,0,0,0,0,0,0,0,0,0,0.95,0,0.13,0.74,0,0,0,0,0,0,0,0,0,0,0,0,0,0,0,0,0,0,1,0,"found species on GBIF","Animalia","Chordata","Reptilia","Squamata","Colubridae","Macroprotodon","Macroprotodon mauritanicus",2455971
"Macrovipera lebetina","Macrovipera lebetina","r145",0,0,0,1,0,0,0,0,0,0,0,0,0,0,0,0,0.9,0,0,0,0,0,0,1,0,0,0,0,0,0,0,0,0,0,0,0,0,1,0,0,0,0,0,0,0,0,0,1,0,0,0,0,0,0,0,0,0,0,0,0,0,0,0,0,0,0,0,0,0,1,0,1,0,0.98,0,0,1,0,0.98,0,0.49,0,0,0,0,0.76,0,0,0,0,0,0,0,0,0,0,0,0,0,0,0,0,0,0,0,0,0,0,0,0,0,0,0,0,0.98,0,0,0,0,0,0.98,0,0,0,0,0,0,0,0,0,0.98,0,0,0,0,0,0,"found species on GBIF","Animalia","Chordata","Reptilia","Squamata","Viperidae","Macrovipera","Macrovipera lebetina",2444716
"Macrovipera schweizeri","Macrovipera schweizeri","r146",0,0.96,0,0,0,0,0,0,0,0,0,0,0,0,0,0,0.03,0,0,0,0,0,0,1,0,0,0,0,0,0,0.96,0,0.96,0,0,0.76,0,0,0,0,0,0,0,0,0,0,0,1,0,0,0,0,0,0,0,0,0,0,0,0,0,0,0,0,0,0,0,0,0.96,0,0,0.96,0,0,0,0,0,1,0,0,0.17,0,0,0,0,0,0,0,0,0.38,0,0,0,0,0,0.6,0,0,0,0,0,0,0,0,0,0,0,0,0,0,0,0,0,0,0.96,0,0,0,0,0,0,0,0,0,0,0,0,0.76,0,0,0,0,0,0,0,0,0,"found species on GBIF","Animalia","Chordata","Reptilia","Squamata","Viperidae","Macrovipera","Macrovipera schweizeri",2444698
"Malpolon monspessulanus","Malpolon monspessulanus","r147",0,0.11,0.52,0.01,0,0,0.03,0.02,0.03,0.5,0,0.65,0,0.58,0,0,0.04,0,0.55,0,0.04,0.49,0.8,0.15,0,0,0,0,0,0.15,0.06,0.79,0.13,0.2,0,0.07,0.01,0.01,0,0,0,0,0,0,0,0,0.03,0.41,0.53,0,0.08,0.04,0,0,0,0,0,0,0,0,0.05,0,0.1,0,0.82,0,0,0.11,0.14,0.01,0.11,0.03,0,0.01,0.37,0,0.01,0,1,0.32,0.08,0,0.27,0.06,0.04,0.03,0.14,0.03,0,0.08,0,0,0.73,0,0.01,0,0.23,0.03,0,0,0.01,0.13,0,0.08,0,0.49,0.72,0.15,0,0,0,0,0,0.76,0.13,0.08,0.15,0,0.1,0,0.09,0.09,0.07,0.01,0.48,0.02,0,0.06,0.01,0,0.01,0,0,0.05,0,0,0.35,"found species on GBIF","Animalia","Chordata","Reptilia","Squamata","Lamprophiidae","Malpolon","Malpolon monspessulanus",8796529
"Mauremys leprosa","Mauremys leprosa","r149",0,0,0.46,0,0,0,0,0,0,0.41,0,0.65,0,0.56,0,0,0,0,0.48,0,0.04,0.43,0.78,0,0,0,0,0,0,0.05,0,0.68,0,0.36,0,0,0,0,0,0,0,0,0,0,0,0,0,0.31,0.52,0,0,0.02,0,0,0,0,0,0,0,0.01,0.01,0,0.04,0,0.69,0,0,0.19,0,0,0,0,0,0,0.37,0,0,0,0.69,1,0,0,0.65,0,0,0,0,0.06,0,0,0,0,0.73,0,0,0,0.08,0,0,0,0,0,0,0.09,0,0.51,0.7,0,0,0,0,0,0,0.68,0,0.01,0,0,0,0,0,0,0.05,0,0.46,0.02,0,0,0,0,0,0,0,0,0,0,0.31,"found species on GBIF","Animalia","Chordata","Reptilia","Testudines","Geoemydidae","Mauremys","Mauremys leprosa",2443341
"Mauremys rivulata","Mauremys rivulata","r150",0.01,0.53,0,0.03,0,0,0.16,0.07,0.16,0.49,0,0,0.01,0,0,0,0.2,0,0,0,0.01,0.33,0,0.65,0.03,0,0.01,0,0,0.43,0.28,0,0.55,0.46,0,0.27,0,0.05,0,0,0,0,0,0,0,0,0.16,0.53,0,0,0.33,0,0,0,0,0,0,0,0,0,0.08,0,0,0,0,0.01,0,0,0.72,0.03,0.5,0.13,0.01,0.03,0,0,0.02,0,0.51,0,1,0.02,0,0.54,0.16,0.1,0.64,0,0,0.34,0,0,0,0,0,0,0.63,0.16,0,0,0,0.68,0,0,0,0,0,0.88,0,0,0,0,0,0.14,0.51,0.28,0.68,0,0.48,0,0.36,0.47,0,0.05,0,0,0,0.24,0.03,0.01,0.03,0,0,0.23,0,0,0,"found species on GBIF","Animalia","Chordata","Reptilia","Testudines","Geoemydidae","Mauremys","Mauremys rivulata",2443384
"Montivipera xanthina","Montivipera xanthina","r153",0,0.2,0,0,0,0,0,0,0,0.33,0,0,0.21,0,0,0,0.05,0,0,0,0.11,0.38,0,1,0,0,0.62,0,0,0.38,0,0,1,0.17,0,0.8,0,0.29,0,0,0,0,0,0,0,0,0,0.99,0,0,0,0,0,0,0,0,0,0,0,0,0.03,0.09,0,0,0,0.01,0,0,0.78,0,0.38,0.62,0.12,0,0,0,0,0,0.63,0,0.47,1,0,0.18,0,1,0.99,0,0,0.38,0,0,0,0,0,0,0.38,0,0,0,0,0.38,0,0,0,0,0,1,0,0,0,0,0,0,1,0.76,0.38,0,0,0.01,0.72,0.35,0,0,0,0,0,0.8,0,0.16,0.14,0,0,0.48,0,0,0,"found species on GBIF","Animalia","Chordata","Reptilia","Squamata","Viperidae","Montivipera","Montivipera xanthina",4820419
"Natrix maura","Natrix maura","r154",0,0,0.25,0,0.02,0,0,0,0,0.56,0.01,0.33,0,0.3,0,0.02,0.02,0,0.29,0,0.02,0.54,0.55,0,0,0,0,0,0,0.3,0,0.37,0,0.33,0,0,0.01,0,0,0,0,0,0,0,0,0,0,0.17,0.25,0,0,0.29,0,0,0,0,0,0,0,0.02,0.13,0,0.22,0,0.41,0,0,0.13,0,0,0,0,0,0,0.17,0,0,0,0.4,0.46,0,0,1,0.03,0,0,0,0.05,0,0,0,0,0.46,0,0,0,0.36,0,0,0,0.05,0,0.02,0.04,0,0.28,0.38,0,0,0,0,0,0,0.39,0,0.01,0.01,0,0,0,0,0,0.28,0.06,0.24,0.02,0,0,0,0,0,0,0,0,0,0,0.19,"found species on GBIF","Animalia","Chordata","Reptilia","Squamata","Natricidae","Natrix","Natrix maura",6161340
"Natrix tesselleta","Natrix tessellata","r156",0,0.17,0,0,0,0,0.03,0.02,0.03,0.67,0,0,0,0,0,0.08,0.02,0,0,0,0,0.66,0.12,0.12,0.03,0,0,0,0.03,0.59,0.16,0,0.08,0.44,0,0.05,0,0,0,0,0,0,0,0,0,0,0.03,0.14,0,0,0.05,0.22,0,0,0,0,0,0.04,0,0,0.21,0,0.13,0,0,0,0,0,0.15,0,0.36,0.01,0,0,0,0,0,0,0.08,0,0.13,0,0.03,1,0.02,0.01,0.13,0,0,0.05,0,0,0,0,0.01,0,0.63,0.03,0,0,0.18,0.21,0,0,0,0,0,0.18,0,0,0,0,0,0.1,0.07,0.09,0.31,0,0.09,0,0.05,0.2,0.22,0.33,0,0,0,0.06,0.01,0,0,0,0,0.11,0,0,0,"found species on GBIF","Animalia","Chordata","Reptilia","Squamata","Natricidae","Natrix","Natrix tessellata",6161327
"Ophiomorus punctatissimus","Ophiomorus punctatissimus","r157",0,1,0,0,0,0,0.5,0,0.5,0.37,0,0,0,0,0,0,0.2,0,0,0,0,0.13,0,1,0,0,0,0,0,0.14,0.51,0,1,0.37,0,0.58,0,0,0,0,0,0,0,0,0,0,0.51,1,0,0,0.84,0,0,0,0,0,0,0,0,0,0,0,0,0,0,0,0,0,1,0,0.48,0.03,0,0,0,0,0,0,1,0,0.71,0,0,0.43,1,0,0.98,0,0,0.54,0,0,0,0,0,0,0.7,0.51,0,0,0,0.98,0,0,0,0,0,0.98,0,0,0,0,0,0.23,1,0.39,1,0,0.99,0,0.74,0.71,0,0,0,0,0,0.37,0.15,0,0,0,0,0.05,0,0,0,"found species on GBIF","Animalia","Chordata","Reptilia","Squamata","Scincidae","Ophiomorus","Ophiomorus punctatissimus",2462191
"Ophisops elegans","Ophisops elegans","r158",0.05,0.27,0,0.2,0,0,0,0,0,0.51,0,0,0.1,0,0,0,0.29,0,0,0,0.07,0.56,0,1,0.01,0,0.15,0,0,0.51,0,0,0.69,0.2,0,0.43,0,0.35,0,0,0,0,0,0,0,0,0,0.9,0,0,0.01,0,0,0,0,0,0,0,0,0,0.25,0.02,0,0,0,0.06,0,0,0.69,0.22,0.55,0.47,0.08,0.22,0,0,0.17,0,0.78,0,0.49,0.21,0,0.24,0,1,0.75,0,0,0.4,0,0,0,0,0,0,0.56,0,0,0,0,0.56,0,0,0,0,0,0.7,0,0,0,0,0,0,0.68,0.66,0.56,0,0,0,0.61,0.32,0,0.14,0,0,0,0.44,0,0.09,0.22,0,0,0.58,0,0,0,"found species on GBIF","Animalia","Chordata","Reptilia","Squamata","Lacertidae","Ophisops","Ophisops elegans",2469702
"Parvilacerta parva","Parvilacerta parva","r130",0,0,0,0,0,0,0,0,0,0,0,0,0,0,0,0,0,0,0,0,0,0,0,0,0,0,0,0,0,0,0,0,0,0,0,0,0,0,0,0,0,0,0,0,0,0,0,0,0,0,0,0,0,0,0,0,0,0,0,0,0,0,0,0,0,0,1,0,0,0,0,0,0,0,0,0,0,0,0,0,0,0,0,0,0,0,0,0,0,0,0,0,0,0,0,0,0,0,0,0,0,0,0,0,0,0,0,0,0,0,0,0,0,0,0,0,0,0,0,0,0,0,0,0,0,0,0,0,0,0,0,0,0,0,0,0,0,"found species on GBIF","Animalia","Chordata","Reptilia","Squamata","Lacertidae","Parvilacerta","Parvilacerta parva",5226786
"Phoenicolacerta troodica","Phoenicolacerta troodica","r135",0.33,0,0,0.81,0,0,0,0,0,0,0,0,0,0,0,0,0.89,0,0,0,0.33,0,0,1,0,0,0,0,0,0,0,0,0,0,0,0,0,1,0,0,0,0,0,0,0,0,0,0.99,0,0.01,0,0,0,0,0,0,0,0,0,0,0,0,0,0,0,0,0,0,0,1,0,0.93,0,0.99,0,0,0.67,0,0.99,0,0.46,0,0,0,0,0.66,0,0,0,0,0,0,0,0,0,0,0,0,0,0,0,0,0,0,0,0,0,0,0,0,0,0,0,0,0.99,0,0,0,0,0,0.79,0,0,0,0,0,0,0,0,0,0.77,0,0,0,0,0,0,"found species on GBIF","Animalia","Chordata","Reptilia","Squamata","Lacertidae","Phoenicolacerta","Phoenicolacerta troodica",5789552
"Platyceps collaris","Platyceps collaris","r61",0,0.96,0,0,0,0,0,0,0,0.96,0,0,0,0,0,0,0,0,0,0,0,0.96,0,1,0.35,1,0,0,0,0.96,0,0,0.96,0.42,0,0.35,0,0,0,0,0,0,0,0,0,0,0,0,0,0,0,0,0,0,0,0,0,0,0,0,0,0,0,0,0,0,0,0,0.96,0,0.96,0,0,0,0,0,0,0,0.96,0,0.71,0,0,0.48,0,0.94,0,0,0,0,0,0,0,0,0,0,1,0,0,0,0,0.96,0,0,0,0,0,1,0,0,0,0,0,0,0,0.96,0.96,0,0,0,0.96,0.35,0,0,0,0,0,0.35,0,0,0,0,0,0.96,0,0,0,"found species on GBIF","Animalia","Chordata","Reptilia","Squamata","Colubridae","Platyceps","Platyceps collaris",5223125
"Platyceps najadum","Platyceps najadum","r163",0,0.61,0,0,0,0,0.16,0.12,0.16,0.68,0,0,0.01,0,0,0,0.14,0,0,0,0,0.57,0,0.67,0.02,0,0.02,0,0,0.67,0.35,0,0.63,0.42,0,0.34,0,0.02,0,0,0,0,0,0,0,0,0.17,0.49,0,0,0.34,0.01,0,0,0,0,0,0.02,0,0,0.13,0,0,0,0,0.01,0,0,0.93,0,0.75,0.13,0.01,0,0,0,0,0,0.6,0,0.44,0.03,0,0.38,0.15,0.11,1,0,0,0.38,0,0,0,0,0.06,0,0.88,0.17,0,0,0.04,0.89,0,0,0,0,0,0.89,0,0,0,0,0,0.12,0.54,0.39,0.95,0,0.55,0,0.39,0.7,0,0.2,0,0,0,0.32,0.03,0.01,0,0,0,0.37,0,0,0,"found species on GBIF","Animalia","Chordata","Reptilia","Squamata","Colubridae","Platyceps","Platyceps najadum",5223135
"Podarcis bocagei","Podarcis bocagei","r166",0,0,0.2,0,0,0,0,0,0,1,0,0.23,0,0.18,0,0,0,0,0.3,0,0,1,0.81,0,0,0,0,0,0,0,0,0.28,0,0.19,0,0,0,0,0,0,0,0,0,0,0,0,0,0,0,0,0,0,0,0,0,0,0,0,0,0.24,0,0,0.03,0,0.35,0,0,0.98,0,0,0,0,0,0,0.01,0,0,0,0.29,0.26,0,0,0.36,0,0,0,0,1,0,0,0,0,0.88,0,0,0,0.16,0,0,0,0,0,0,0,0,0.58,0.27,0,0,0,0,0,0,0.11,0,0,0,0,0,0,0,0,0,0,0.23,0.21,0,0,0,0,0,0,0,0,0,0,0,"found species on GBIF","Animalia","Chordata","Reptilia","Squamata","Lacertidae","Podarcis","Podarcis bocagei",2469143
"Podarcis carbonelli","Podarcis carbonelli","r167",0,0,0.21,0,0,0,0,0,0,0.99,0,1,0,0.71,0,0,0,0,0.23,0,0.01,0.99,1,0,0,0,0,0,0,0,0,0.23,0,0.63,0,0,0,0,0,0,0,0,0,0,0,0,0,0.01,0.22,0,0,0,0,0,0,0,0,0,0.01,0.01,0,0,0,0,0.23,0,0,0.98,0,0,0,0,0,0,0.12,0,0,0,0.23,0.63,0,0,0.44,0,0,0,0,0,1,0,0,0,0.99,0,0,0,0,0,0,0,0,0,0,0.01,0,1,0.52,0,0,0,0,0,0,0.22,0,0.01,0,0,0,0,0,0,0,0,1,0,0,0,0,0,0,0,0,0,0,0,0,"found species on GBIF","Animalia","Chordata","Reptilia","Squamata","Lacertidae","Podarcis","Podarcis carbonelli",2469141
"Podarcis erhardii","Podarcis erhardii","r168",0,0.65,0,0,0,0,0.03,0.09,0.03,0.77,0,0,0,0,0,0,0.28,0,0,0,0,0.44,0,1,0,0,0,0,0,0.62,0.23,0,0.98,0.33,0,0.42,0,0,0,0,0,0,0,0,0,0,0.03,0.76,0,0,0.41,0,0,0,0,0,0,0,0,0,0.21,0,0,0,0,0,0,0,0.97,0,0.89,0.25,0,0,0,0,0,0,0.83,0,0.58,0.03,0,0.38,0.21,0.14,0.94,0,0,1,0,0,0,0,0,0,0.9,0.03,0,0,0,0.92,0,0,0,0,0,0.92,0,0,0,0,0,0.05,0.82,0.65,0.94,0,0.7,0,0.62,0.6,0,0.09,0,0,0,0.59,0,0,0,0,0,0.32,0,0,0,"found species on GBIF","Animalia","Chordata","Reptilia","Squamata","Lacertidae","Podarcis","Podarcis erhardii",2469075
"Podarcis filfolensis","Podarcis filfolensis","r169",0,0,0,0,0,0,0,0,0,0,0,0,0,0,0,0,0.96,0,0,0,0,0,0,0,0,0,0,0,0,0,0,0,0,0,0,0,0,0,0,0,0,0,0,0,0,0,0,1,0,0,0,0.93,0,0,0,0,0,0,0,0,0,0,0,0,0,0,0,0,0,0,0,0,0,0,0,0.03,0,0,0.03,0,0,0,0,0,0,0,0,0,0,0,1,0,0,0,0,0,0,0,0,0,0.03,0,0,0,0,0,0,0,0,0,0,0,0,1,0.93,0,0,0,0,0,0,0,0,0,0,0,0,0,0,0,0,0.54,0,0,0,0,0,"found species on GBIF","Animalia","Chordata","Reptilia","Squamata","Lacertidae","Podarcis","Podarcis filfolensis",2469148
"Podarcis gaigeae","Podarcis gaigeae","r170",0,0.98,0,0,0,0,0,0,0,0.98,0,0,0,0,0,0,0.98,0,0,0,0,0,0,1,0,0,0,0,0,0,0,0,0.98,0,0,0,0,0,0,0,0,0,0,0,0,0,0,1,0,0,0,0,0,0,0,0,0,0,0,0,0,0,0,0,0,0,0,0,0,0,0,0,0,0,0,0,0,0,0,0,0.31,0,0,0,0,0,0,0,0,0,0,1,0,0,0,0,0,0,0,0,0,0,0,0,0,0,0,1,0,0,0,0,0,0,0.98,0,0,0,0.98,0,0.58,0,0,0,0,0,0,0,0,0,0,0,0,0.98,0,0,0,"found species on GBIF","Animalia","Chordata","Reptilia","Squamata","Lacertidae","Podarcis","Podarcis gaigeae",2468994
"Podarcis hispanica","Podarcis hispanicus","r171",0,0,0.51,0,0,0,0,0,0,0.6,0,0.67,0,0.59,0,0,0,0,0.5,0,0.02,0.62,0.95,0,0,0,0,0,0,0.09,0,0.74,0,0.2,0,0,0,0,0,0,0,0,0,0,0,0,0,0.23,0.48,0,0,0.05,0,0,0,0.01,0,0,0,0.02,0.02,0,0.09,0,0.79,0,0,0.25,0,0,0,0,0,0,0.31,0,0,0,0.78,0.36,0,0,0.32,0,0,0,0,0.09,0,0,0,0,1,0,0,0,0.16,0,0,0,0,0,0,0,0,0.57,0.74,0,0,0,0,0,0,0.67,0,0.01,0,0,0,0,0,0,0.1,0.01,0.5,0.03,0,0,0,0,0,0,0,0,0,0,0.35,"found species on GBIF","Animalia","Chordata","Reptilia","Squamata","Lacertidae","Podarcis","Podarcis hispanicus",9019391
"Podarcis lilfordi","Podarcis lilfordi","r172",0,0,0,0,0,0,0,0,0,0,0,0,0,0,0,0,0,0,0,0,0,0,0,0,0,0,0,0,0,0,0,0.38,0,0.02,0,0,0,0,0,0,0,0,0,0,0,0,0,0.92,0,0,0,0,0,0,0,0,0,0,0,0,0,0,0,0,0,0,0,0,0,0,0,0,0,0,0,0,0,0,0,0,0,0,0.06,0,0,0,0,0,0,0,0,0,0,1,0,0,0,0,0,0,0,0,0,0,0,0,0,0,0,0,0,0,0,0.92,0,0.1,0.67,0,0,0,0,0,0,0,0,0,0,0,0,0,0,0,0,0,0,0.76,0,"found species on GBIF","Animalia","Chordata","Reptilia","Squamata","Lacertidae","Podarcis","Podarcis lilfordi",2469155
"Podarcis melisellensis","Podarcis melisellensis","r173",0,0,0,0,0,0,0,0.74,0,0.61,0,0,0,0,0,0,0,0,0,0,0,0.84,0,0,0,0,0,0,0,0.77,0.75,0,0.37,0.53,0,0,0,0,0,0,0,0,0,0,0,0,0,0.29,0,0,0.35,0.38,0,0,0,0,0,0.43,0,0,0.09,0,0.1,0,0,0,0,0,0.48,0,0.68,0,0,0,0,0,0,0,0.36,0,0.02,0,0,0.29,0,0,0.43,0,0,0,0,0,0,0,1,0,1,0,0,0,0.53,0,0,0,0,0,0,0.73,0,0,0,0,0,0.24,0.38,0,0.73,0,0,0,0,0.62,0.12,0.29,0,0,0,0,0,0,0,0,0,0,0,0,0,"found species on GBIF","Animalia","Chordata","Reptilia","Squamata","Lacertidae","Podarcis","Podarcis melisellensis",2468999
"Podarcis milensis","Podarcis milensis","r174",0,0.93,0,0,0,0,0,0,0,0,0,0,0,0,0,0,0,0,0,0,0,0,0,1,0,0,0,0,0,0,0.93,0,0.93,0,0,0.71,0,0,0,0,0,0,0,0,0,0,0,1,0,0,0,0,0,0,0,0,0,0,0,0,0,0,0,0,0,0,0,0,0.93,0,0,0.96,0,0,0,0,0,0.99,0,0,0.09,0,0,0,0,0,0,0,0,0,0,0,0,0,0,1,0,0,0,0,0,0,0,0,0,0,0,0,0,0,0,0,0,0,0.93,0,0,0,0,0,0,0,0,0,0,0,0,0.71,0,0,0,0,0,0,0,0,0,"found species on GBIF","Animalia","Chordata","Reptilia","Squamata","Lacertidae","Podarcis","Podarcis milensis",2469118
"Podarcis muralis","Podarcis muralis","r175",0,0.12,0.01,0,0,0,0.01,0.02,0.01,0.92,0,0.01,0,0.02,0,0.05,0.01,0,0.05,0,0,0.86,0.19,0.07,0.03,0,0,0,0.02,0.72,0.09,0.03,0.05,0.24,0,0.03,0,0,0,0,0,0,0,0,0,0,0.01,0.09,0,0,0.03,0.38,0,0,0,0,0,0.02,0,0.01,0.36,0,0.37,0,0.04,0,0,0.02,0.1,0,0.28,0.01,0,0,0,0,0,0,0.09,0.02,0.04,0,0.1,0.17,0.01,0.01,0.08,0.01,0,0.03,0,0,0.06,0,0.01,0,1,0.01,0,0,0.12,0.15,0,0,0,0.02,0.03,0.1,0,0,0,0,0,0.09,0.04,0.06,0.21,0,0.05,0,0.03,0.14,0.38,0.38,0.01,0.01,0,0.04,0,0,0,0,0,0.08,0,0,0.02,"found species on GBIF","Animalia","Chordata","Reptilia","Squamata","Lacertidae","Podarcis","Podarcis muralis",2469188
"Podarcis peloponnesiaca","Podarcis peloponnesiacus","r176",0,0.96,0,0,0,0,0.97,0,0.96,0.35,0,0,0,0,0,0,0.22,0,0,0,0,0.28,0,0.85,0,0,0,0,0,0.21,0.98,0,0.85,0.45,0,0.63,0,0,0,0,0,0,0,0,0,0,1,0.59,0,0,0.85,0,0,0,0,0,0,0,0,0,0,0,0,0,0,0,0,0,0.96,0,0,0,0,0,0,0,0,0,0.85,0,0.63,0,0,0.45,0.46,0,0.96,0,0,0.08,0,0,0,0,0,0,0.61,1,0,0,0,1,0,0,0,0,0,1,0,0,0,0,0,0.51,0.85,0.04,0.99,0,0.99,0,0.63,0.73,0,0,0,0,0,0.06,0.17,0,0,0,0,0,0,0,0,"found species on GBIF","Animalia","Chordata","Reptilia","Squamata","Lacertidae","Podarcis","Podarcis peloponnesiacus",2469022
"Podarcis pityusensis","Podarcis pityusensis","r177",0,0,0,0,0,0,0,0,0,0,0,0,0,0,0,0,0,0,0,0,0,0,0,0,0,0,0,0,0,0,0,0,0,0,0,0,0,0,0,0,0,0,0,0,0,0,0,1,0,0,0,0,0,0,0,0,0,0,0,0,0,0,0,0,0,0,0,0,0,0,0,0,0,0,0,0,0,0,0,0,0,0,0.04,0,0,0,0,0,0,0,0,0,0,0,0,0,0,0,1,0,0,0,0,0,0,0,0,0,0,0,0,0,0,1,0,0.06,0.09,0,0,0,0,0,0,0,0,0,0,0,0,0,0,0,0,0,0,0.07,0,"found species on GBIF","Animalia","Chordata","Reptilia","Squamata","Lacertidae","Podarcis","Podarcis pityusensis",2469028
"Podarcis raffonei","Podarcis raffoneae","r178",0,0,0,0,0,0,0,0,0,0,0,0,0,0,0,0,0,0,0,0,0,0,0,0,0,0,0,0,0,0,0,0,0,0,0,0,0,0,0,0,0,0,0,0,0,0,0,1,0,0,0,1,0,0,0,0,0,0,0,0,0,0,0,0,0,0,0,0,0,0,0,0,0,0,0,0,0,0,0,0,0,0,0,0,0,0,0,0,0,0,0,0,0,0,0,0,0,0,0,1,1,0,0,0,0,0,0,0,0,0,0,0,0,1,0,0,1,0,0,0,0,0,0,0,0,0,0,0,0,0,0,0,0,0,0,0,0,"found species on GBIF","Animalia","Chordata","Reptilia","Squamata","Lacertidae","Podarcis","Podarcis raffoneae",9074945
"Podarcis sicula","Podarcis siculus","r179",0,0,0,0,0.14,0,0,0.04,0,0.73,0.05,0,0,0,0,0.5,0.14,0,0,0,0,0.81,0.37,0.05,0,0,0,0,0.29,0.56,0.46,0,0.09,0.38,0,0,0.07,0,0,0,0,0,0,0,0,0,0,0.46,0.02,0,0.02,0.96,0,0,0,0,0,0.01,0,0,0,0,0.6,0,0,0,0,0,0.02,0,0.02,0,0,0,0,0,0,0,0.01,0,0,0,0.07,0.26,0,0,0.02,0,0,0,0,0,0,0,0.03,0,0.67,0,0,0,1,0,0.14,0,0.08,0,0,0.03,0,0,0,0,0,0.53,0.02,0.01,0.55,0.05,0.01,0,0,0.02,0.79,0.04,0,0,0,0,0,0,0,0,0,0,0,0,0,"found species on GBIF","Animalia","Chordata","Reptilia","Squamata","Lacertidae","Podarcis","Podarcis siculus",9185677
"Podarcis taurica","Podarcis tauricus","r180",0,0.58,0,0,0,0,0.08,0.03,0.08,0.69,0,0,0,0,0,0,0.06,0,0,0,0,0.68,0,0.41,0.13,0,0,0,0,0.72,0.15,0,0.27,0.35,0,0.17,0,0,0,0,0,0,0,0,0,0,0.08,0.2,0,0,0.14,0,0,0,0,0,0,0,0,0,0.38,0,0,0,0,0,0,0,0.52,0,0.86,0.05,0,0,0,0,0,0,0.27,0,0.23,0.01,0,0.3,0.07,0.04,0.42,0,0,0.18,0,0,0,0,0,0,0.77,0.08,0,0,0,1,0,0,0,0,0,0.49,0,0,0,0,0,0.05,0.22,0.38,0.78,0,0.29,0,0.18,0.47,0,0.2,0,0,0,0.21,0.01,0,0,0,0,0.47,0,0,0,"found species on GBIF","Animalia","Chordata","Reptilia","Squamata","Lacertidae","Podarcis","Podarcis tauricus",2469065
"Podarcis tiliguerta","Podarcis tiliguerta","r181",0,0,0,0,1,0,0,0,0,0,0.32,0,0,0,0,0.5,0.5,0,0,0,0,0,0,0,0,0,0,0,0,0,0,0,0,0.44,0,0,0.44,0,0,0,0,0,0,0,0,0,0,0.56,0.16,0,0,0.88,0,0,0,0,0,0,0,0,0,0,0,0,0,0,0,0,0,0,0,0,0,0,0,0,0,0,0,0,0,0,0.24,0,0,0,0,0,0,0,0,0,0,0,0,0,0,0,0,0,1,0,1,0,0,0,0,0,0,0,0,0,0,0.66,0,0.05,0.22,0,0.07,0,0,0,0,0,0,0,0,0,0,0,0,0,0,0,0,0,0,"found species on GBIF","Animalia","Chordata","Reptilia","Squamata","Lacertidae","Podarcis","Podarcis tiliguerta",2469126
"Podarcis vaucheri","Podarcis vaucheri","r182",0,0,0.64,0,0,0,0,0,0,0,0,1,0,1,0,0,0,0,0.94,0,0.21,0.02,0.72,0,0,0,0,0,0,0,0,0.97,0,0.15,0,0,0,0,0,0,0,0,0,0,0,0,0,0.81,0.97,0,0,0,0,0,0,0,0,0,0,0,0,0,0,0,0.97,0,0,0,0,0,0,0,0,0,0.96,0,0,0,0.97,0.52,0,0,0.34,0,0,0,0,0,0,0,0,0,0.01,0,0,0,0,0,0,0,0,0,0,1,0,0.76,1,0,0,0,0,0,0,0.98,0,0.01,0,0,0,0,0,0,0,0,0.49,0,0,0,0,0,0,0,0,0,0,0,0.53,"found species on GBIF","Animalia","Chordata","Reptilia","Squamata","Lacertidae","Podarcis","Podarcis vaucheri",2469139
"Podarcis wagleriana","Podarcis wagleriana","r183",0,0,0,0,0,0,0,0,0,0,0,0,0,0,0,0.83,0.83,0,0,0,0,0.57,0,0,0,0,0,0,1,0,0,0,0.4,0,0,0,0,0,0,0,0,0,0,0,0,0,0,0.82,0,0,0,1,0,0,0,0,0,0,0,0,0,0,0.98,0,0,0,0,0,0,0,0,0,0,0,0,0,0,0,0,0,0,0,0,0,0,0,0,0,0,0,0,0,0,0,0,0,0,0,0,0,1,0,0,0,1,0,0,0,0,0,0,0,0,0.98,0,0,0.82,0.56,0,0,0,0,0.86,0,0,0,0,0,0,0,0,0,0,0,0,0,0,"found species on GBIF","Animalia","Chordata","Reptilia","Squamata","Lacertidae","Podarcis","Podarcis waglerianus",8145436
"Psammodromus hispanicus","Psammodromus hispanicus","r185",0,0,0.6,0,0,0,0,0,0,0.46,0,0.82,0,0.72,0,0,0,0,0.6,0,0.04,0.48,0.95,0,0,0,0,0,0,0.05,0,0.89,0,0.2,0,0,0.01,0,0,0,0,0,0,0,0,0,0,0.36,0.64,0,0,0.01,0,0,0,0.01,0,0,0,0.01,0.01,0,0.05,0,0.9,0,0,0.15,0,0,0,0,0,0,0.46,0,0,0,0.9,0.41,0,0,0.31,0,0,0,0,0.03,0,0,0,0,0.87,0,0,0,0.08,0,0,0,0,0,0,0.1,0,0.61,1,0,0,0,0,0,0,0.84,0,0.01,0.01,0,0,0,0,0,0.04,0,0.57,0.01,0,0,0,0,0,0,0,0,0,0,0.41,"found species on GBIF","Animalia","Chordata","Reptilia","Squamata","Lacertidae","Psammodromus","Psammodromus hispanicus",7917188
"Psammodromus jeanneae","Psammodromus algirus","r253",0,0,0.62,0,0,0,0,0,0,0.41,0,0.67,0,0.8,0,0,0,0,0.35,0,0.03,0.54,0.91,0,0,0,0,0,0,0.12,0,0.88,0,0.13,0,0,0,0,0,0,0,0,0,0,0,0,0,0.34,0.58,0,0,0.08,0,0,0,0,0,0,0,0,0.04,0,0.06,0,0.9,0,0,0,0,0,0,0,0,0,0.34,0,0,0,0.9,0.38,0,0,0.34,0,0,0,0,0,0,0,0,0,0.87,0,0,0,0.12,0,0,0,0,0,0,0.11,0,0.12,0.87,0,0,0,0,0,0,0.84,0,0.03,0.01,0,0,0,0,0,0.13,0,0.56,0,0,0,0,0,0,0,0,0,0,0,1,"found species on GBIF","Animalia","Chordata","Reptilia","Squamata","Lacertidae","Psammodromus","Psammodromus algirus",2469763
"Psammodromus manuelae","Psammodromus algirus","r184",0,0,0.54,0,0,0,0,0,0,0.59,0,0.84,0,0.63,0,0,0,0,0.72,0,0.05,0.5,0.96,0,0,0,0,0,0,0.01,0,0.8,0,0.25,0,0,0,0,0,0,0,0,0,0,0,0,0,0.29,0.57,0,0,0,0,0,0,0.01,0,0,0,0.02,0,0,0.07,0,0.84,0,0,0.31,0,0,0,0,0,0,0.46,0,0,0,0.82,0.4,0,0,0.31,0,0,0,0,0.1,0,0,0,0,0.9,0,0,0,0.1,0,0,0,0,0,0,0.1,0,1,0.81,0,0,0,0,0,0,0.71,0,0,0,0,0,0,0,0,0.04,0,0.53,0.03,0,0,0,0,0,0,0,0,0,0,0.08,"found species on GBIF","Animalia","Chordata","Reptilia","Squamata","Lacertidae","Psammodromus","Psammodromus algirus",2469763
"Pseudopus apodus","Pseudopus apodus","r186",0,0.46,0,0,0,0,0.12,0.11,0.12,0.52,0,0,0,0,0,0,0.09,0,0,0,0,0.49,0,0.5,0.07,0,0.02,0,0,0.54,0.27,0,0.43,0.34,0,0.23,0,0.01,0,0,0,0,0,0,0,0,0.11,0.35,0,0,0.23,0.03,0,0,0,0,0,0.03,0,0,0.11,0,0,0,0,0,0,0,0.66,0,0.57,0.08,0,0,0,0,0,0,0.42,0,0.41,0.02,0,0.36,0.1,0.07,0.6,0,0,0.25,0,0,0,0,0.07,0,0.74,0.11,0,0,0.04,0.69,0,0,0,0,0,1,0,0,0,0,0,0.09,0.37,0.3,0.74,0,0.41,0,0.26,0.52,0,0.11,0,0,0,0.23,0.02,0,0,0,0,0.3,0,0,0,"found species on GBIF","Animalia","Chordata","Reptilia","Squamata","Anguidae","Pseudopus","Pseudopus apodus",2468350
"Rhinechis scalaris","Zamenis scalaris","r78",0,0,0.64,0,0,0,0,0,0,0.47,0,0.81,0,0.72,0,0,0,0,0.67,0,0.04,0.48,0.95,0,0,0,0,0,0,0.05,0,1,0,0.18,0,0,0.01,0,0,0,0,0,0,0,0,0,0,0.36,0.66,0,0,0.02,0,0,0,0,0,0,0,0,0.02,0,0.08,0,1,0,0,0.13,0,0,0,0,0,0,0.47,0,0,0,0.99,0.4,0,0,0.31,0,0,0,0,0.03,0,0,0,0,0.88,0,0,0,0.09,0,0,0,0,0,0,0.1,0,0.6,0.9,0,0,0,0,0,0,0.89,0,0.01,0.01,0,0,0,0,0,0.06,0,0.59,0.02,0,0,0,0,0,0,0,0,0,0,0.42,"found species on GBIF","Animalia","Chordata","Reptilia","Squamata","Colubridae","Zamenis","Zamenis scalaris",9416124
"Tarentola angustimentalis","Tarentola angustimentalis","r189",0,0,0,0,0,0,0,0,0,0,0,0,0,0,0,0,0,0,0,0,0,0,0,0,0,0,0,0,0,0,0,0,0,0,0,0,0,0,1,0,0,0,0,0,0,0.02,0,0,0,0,0,0,0,0,0,0,0,0,0,0,0,0,0,0,0,0,0,0,0,0,0,0,0,0,0,0,0,0,0,0,0,0,0,0,0,0,0,0,0,0,0,0,0,0,0,0,0,0,0,0,0,0,0,0,0,0,0,0,1,0,0,0,0,0,0,0,0,0,0,0,0,0,0,0,0,0,0,0,0,0,0,0,0,0,0,0,0,"found species on GBIF","Animalia","Chordata","Reptilia","Squamata","Phyllodactylidae","Tarentola","Tarentola angustimentalis",2445033
"Tarentola bischoffi","Tarentola bischoffi","r190",0,0,0,0,0,0,0,0,0,0,0,0,0,0,0,0,0,0,0,0,0,0,0,0,0,0,0,0,0,0,0,0,0,0,0,0,0,0,0,0,0,0,0,0,0,0,0,0,0,0,0,0,0,0,0,0,0,0,0,0,0,0,0,0,0,0,0,0,0,0,0,0,0,0,0,0,0,0,0,0,0,0,0,0,0,0,0,0,0,0,0,0,0,0,0,0,0,0,0,0,0,0,0,0,0,0,0,0,0,1,0,0,0,0,0,0,0,0,0,0,0,0,0,0,0,0,0,0,0,0,0,0,0,0,0,0,0,"found species on GBIF","Animalia","Chordata","Reptilia","Squamata","Phyllodactylidae","Tarentola","Tarentola bischoffi",2445121
"Tarentola boettgeri","Tarentola boettgeri","r191",0,0,0,0,0,0,0,0,0,0,0,0,0,0,0.93,0,0,0.69,0,0.07,0,0,0,0,0,0,0,0,0,0,0,0,0,0,0,0,0,0,0.08,0,0,0.07,0,0,0.01,0.93,0,0,0,0,0,0,0,0,0,0,0,0,0,0,0,0,0,0,0,0,0,0,0,0,0,0,0,0,0,0,0,0,0,0,0,0,0,0,0,0,0,0,0,0,0,0,0,0,0,0,0,0,0,0,0,0,0,0,0,0,0,0,0,0,1,0,0,0,0,0,0,0,0,0,0,0,0,0,0,0,0,0,0,0,0,0,0,0,0,0,0,"found species on GBIF","Animalia","Chordata","Reptilia","Squamata","Phyllodactylidae","Tarentola","Tarentola boettgeri",2445052
"Tarentola delalandii","Tarentola delalandii","r192",0,0,0,0,0,0,0,0,0,0,0,0,0,0,0,0,0,0,0,0.63,0,0,0,0,0,0,0,0,0,0,0,0,0,0,0,0,0,0,0,0.09,0,0.03,0.89,0.03,0,0,0,0,0,0,0,0,0,0,0,0,0,0,0,0,0,0,0,0,0,0,0,0,0,0,0,0,0,0,0,0,0,0,0,0,0,0,0,0,0,0,0,0,0,0,0,0,0,0,0,0,0,0,0,0,0,0,0,0,0,0,0,0,0,0,0,1,0,0,0,0,0,0,0,0,0,0,0,0,0,0,0,0,0,0,0,0,0,0,0,0,0,"found species on GBIF","Animalia","Chordata","Reptilia","Squamata","Phyllodactylidae","Tarentola","Tarentola delalandii",8994891
"Tarentola gomerensis","Tarentola gomerensis","r193",0,0,0,0,0,0,0,0,0,0,0,0,0,0,0,0,0,0,0,1,0,0,0,0,0,0,0,0,0,0,0,0,0,0,0,0,0,0,0,0,0.04,0.97,0,0,0,0,0,0,0,0,0,0,0,0,0,0,0,0,0,0,0,0,0,0,0,0,0,0,0,0,0,0,0,0,0,0,0,0,0,0,0,0,0,0,0,0,0,0,0,0,0,0,0,0,0,0,0,0,0,0,0,0,0,0,0,0,0,0,0,0,0,0,1,0,0,0,0,0,0,0,0,0,0,0,0,0,0,0,0,0,0,0,0,0,0,0,0,"found species on GBIF","Animalia","Chordata","Reptilia","Squamata","Phyllodactylidae","Tarentola","Tarentola gomerensis",2445039
"Tarentola mauritanica","Tarentola mauritanica","r194",0,0.03,0.44,0,0.04,0,0.02,0.01,0.02,0.46,0.01,0.54,0,0.49,0,0.2,0.08,0,0.46,0,0.03,0.48,0.71,0.06,0,0,0,0,0.11,0.14,0.17,0.66,0.07,0.2,0,0.01,0.03,0,0,0,0,0,0,0,0,0,0.02,0.53,0.49,0,0.04,0.26,0,0,0,0,0,0,0,0,0.02,0,0.27,0,0.67,0,0,0.07,0.04,0,0,0,0,0,0.34,0,0,0,0.7,0.29,0.02,0,0.24,0.07,0.01,0,0.02,0.01,0,0,0,0,0.58,0,0.01,0,0.22,0.02,0,0,0.23,0.02,0.04,0.07,0.03,0.39,0.62,0.03,0,0,0,0,0,1,0.04,0.01,0.21,0.02,0.02,0,0.02,0.01,0.23,0,0.4,0.01,0,0,0,0,0,0,0,0,0,0,0.29,"found species on GBIF","Animalia","Chordata","Reptilia","Squamata","Phyllodactylidae","Tarentola","Tarentola mauritanica",2445034
"Teira dugesii","Teira dugesii","r121",0,0,0,0,0,0,0,0,0,0,0,0,0,0,0,0,0,0,0,0,0,0,0,0,0,0,0,0,0,0,0,0,0,0,0,0,0,0,0,0,0,0,0,0,0,0,0,0,0,0,0,0,0,0,0,0,0,0,0,0,0,0,0,1,0,0,0,0,0,0,0,0,0,0,0,0,0,0,0,0,0,0,0,0,0,0,0,0,0,0,0,0,0,0,0,0,0,0,0,0,0,0,0,0,0,0,0,0,0,0,0,0,0,0,0,0,0,0,0,0,0,0,0,0,0,0,0,0,0,0,0,0,0,0,0,0,0,"found species on GBIF","Animalia","Chordata","Reptilia","Squamata","Lacertidae","Teira","Teira dugesii",2468700
"Telescopus fallax","Telescopus fallax","r195",0.02,0.64,0,0.06,0,0,0.22,0.15,0.22,0.51,0,0,0.02,0,0,0,0.35,0,0,0,0.03,0.32,0,0.91,0,0,0.04,0,0,0.4,0.41,0,0.9,0.29,0,0.41,0,0.1,0,0,0,0,0,0,0,0,0.22,0.78,0,0,0.58,0.03,0,0,0,0,0,0.01,0,0,0.09,0,0.01,0,0,0.01,0,0,0.87,0.07,0.51,0.26,0.02,0.07,0,0,0.05,0,0.82,0,0.53,0.05,0,0.31,0.23,0.15,0.8,0,0,0.49,0,0,0,0,0.07,0,0.67,0.22,0,0,0.06,0.69,0,0,0,0,0,0.81,0,0,0,0,0,0.27,1,0.36,0.77,0,0.59,0,0.6,0.49,0,0.04,0,0,0,0.36,0.04,0.02,0.06,0,0,0.16,0,0,0,"found species on GBIF","Animalia","Chordata","Reptilia","Squamata","Colubridae","Telescopus","Telescopus fallax",2457466
"Testudo graeca","Testudo graeca","r196",0,0.63,0.04,0,0.01,0,0.01,0,0.01,0.61,0,0.05,0,0.05,0,0.01,0.05,0,0,0,0.01,0.84,0.05,0.62,0.08,0,0.01,0,0,0.83,0.02,0.05,0.32,0.27,0.03,0.2,0.01,0,0,0,0,0,0,0,0,0,0.01,0.31,0.05,0,0.06,0.01,0,0,0,0,0,0,0,0,0.48,0,0,0,0.05,0,0,0,0.56,0,0.89,0.1,0,0,0.05,0,0,0,0.36,0.03,0.19,0.02,0.02,0.25,0.06,0.1,0.39,0,0,0.27,0,0,0.05,0,0,0,0.67,0.01,0,0,0.01,0.79,0.01,0,0,0,0.05,0.44,0,0,0,0,0,0.07,0.24,1,0.77,0,0.19,0,0.2,0.34,0,0.14,0.02,0,0,0.37,0,0,0,0,0,0.7,0.01,0,0.05,"found species on GBIF","Animalia","Chordata","Reptilia","Testudines","Testudinidae","Testudo","Testudo graeca",2441461
"Testudo hermanni","Testudo hermanni","r197",0,0.38,0,0,0.02,0,0.06,0.06,0.06,0.73,0,0,0,0,0,0.24,0.08,0,0.01,0,0,0.78,0.13,0.32,0.1,0,0,0,0.18,0.65,0.4,0.01,0.25,0.38,0,0.12,0.02,0,0,0,0,0,0,0,0,0,0.06,0.4,0,0,0.12,0.36,0,0,0,0,0,0.01,0,0,0.17,0,0.28,0,0.01,0,0,0,0.37,0,0.52,0.03,0,0,0,0,0,0,0.22,0,0.16,0,0.01,0.3,0.05,0.03,0.31,0,0,0.13,0,0,0.01,0,0.03,0,0.77,0.06,0,0,0.37,0.54,0.02,0,0.04,0,0.02,0.37,0,0,0,0,0,0.33,0.17,0.25,1,0.03,0.2,0,0.13,0.36,0.32,0.16,0,0,0,0.14,0.01,0,0,0,0,0.32,0,0,0.01,"found species on GBIF","Animalia","Chordata","Reptilia","Testudines","Testudinidae","Testudo","Testudo hermanni",2441454
"Testudo marginata","Testudo marginata","r199",0,0.74,0,0,0.03,0,0.27,0.11,0.28,0.67,0.03,0,0,0,0,0.02,0.23,0,0,0,0,0.32,0,0.71,0,0,0,0,0,0.53,0.51,0,0.72,0.45,0,0.35,0.03,0,0,0,0,0,0,0,0,0,0.27,0.52,0,0,0.48,0.03,0,0,0,0,0,0,0,0,0.09,0,0,0,0,0,0,0,0.88,0,0.58,0.09,0,0,0,0,0,0,0.65,0,0.53,0,0.01,0.4,0.24,0,0.87,0,0,0.45,0,0,0,0,0,0,0.82,0.27,0,0,0.03,0.95,0.03,0,0,0,0,0.96,0,0,0,0,0,0.18,0.64,0.3,0.94,0,1,0,0.48,0.66,0,0.05,0,0,0,0.33,0.05,0,0,0,0,0.08,0,0,0,"found species on GBIF","Animalia","Chordata","Reptilia","Testudines","Testudinidae","Testudo","Testudo marginata",2441502
"Timon lepidus","Timon lepidus","r123",0,0,0.62,0,0,0,0,0,0,0.49,0,0.75,0,0.68,0,0,0,0,0.66,0,0.04,0.5,0.95,0,0,0,0,0,0,0.08,0,0.92,0,0.17,0,0,0.01,0,0,0,0,0,0,0,0,0,0,0.34,0.61,0,0,0.05,0,0,0,0,0,0,0,0,0.04,0,0.13,0,1,0,0,0.14,0,0,0,0,0,0,0.43,0,0,0,0.95,0.37,0,0,0.31,0,0,0,0,0.04,0,0,0,0,0.86,0,0,0,0.13,0,0,0,0,0,0,0.09,0,0.58,0.84,0,0,0,0,0,0,0.84,0,0.01,0.01,0,0,0,0,0,0.09,0,0.55,0.03,0,0,0,0,0,0,0,0,0,0,0.4,"found species on GBIF","Animalia","Chordata","Reptilia","Squamata","Lacertidae","Timon","Timon lepidus",2468542
"Trachylepis aurata","Trachylepis aurata","r141",0,0.75,0,0,0,0,0,0,0,0,0,0,0.88,0,0,0,0.55,0,0,0,0.08,0,0,0.82,0,0,0.25,0,0,0,0,0,0.78,0.06,0,0.19,0,0.79,0,0,0,0,0,0,0,0,0,0.81,0,0,0,0,0,0,0,0,0,0,0,0,0,0.21,0,0,0,0.56,0,0,0.75,0,0,0.76,1,0,0,0,0,0,0.22,0,0.48,0.25,0,0.11,0,0.76,0.8,0,0,0,0,0,0,0,0,0,0,0,0,0,0,0,0,0,0,0,0,0.32,0,0,0,0,0,0,0.78,0.23,0,0,0,0.03,0.54,0.18,0,0,0,0,0,0.21,0,1,0.2,0,0,0.24,0,0,0,"found species on GBIF","Animalia","Chordata","Reptilia","Squamata","Scincidae","Trachylepis","Trachylepis aurata",5225332
"Trachylepis vittata","Trachylepis vittata","r142",0.34,0,0,0.81,0,0,0,0,0,0,0,0,0,0,0,0,0.9,0,0,0,0.34,0,0,1,0,0,0,0,0,0,0,0,0,0,0,0,0,1,0,0,0,0,0,0,0,0,0,0.99,0,0.01,0,0,0,0,0,0,0,0,0,0,0,0,0,0,0,0,0,0,0,1,0,0.93,0,1,0,0,0.66,0,1,0,0.46,0,0,0,0,0.66,0,0,0,0,0,0,0,0,0,0,0,0,0,0,0,0,0,0,0,0,0,0,0,0,0,0,0,0,1,0,0,0,0,0,0.8,0,0,0,0,0,0,0,0,0,0.78,0,0,0,0,0,0,"found species on GBIF","Animalia","Chordata","Reptilia","Squamata","Scincidae","Trachylepis","Trachylepis vittata",5225367
"Trionyx triunguis","Trionyx triunguis","r202",0,0,0,0,0,0,0,0,0,0,0,0,0.8,0,0,0,0.83,0,0,0,0.31,0,0,0.95,0,0,0.8,0,0,0,0,0,0.83,0.07,0,0.61,0,0.9,0,0,0,0,0,0,0,0,0,0.95,0,0,0,0,0,0,0,0,0,0,0,0,0,0,0,0,0,0.9,0,0,0,0,0,0.9,1,0,0,0,0,0,0.8,0,0.17,0.78,0,0.15,0,0.9,0.9,0,0,0,0,0,0,0,0,0,0,0,0,0,0,0,0,0,0,0,0,1,0,0,0,0,0,0,0.83,0.83,0,0,0,1,0.69,0,0,0,0,0,0,0.61,0,0.97,0.59,0,0,0.8,0,0,0,"found species on GBIF","Animalia","Chordata","Reptilia","Testudines","Trionychidae","Trionyx","Trionyx triunguis",5960976
"Typhlops vermicularis","Typhlops vermicularis","r203",0.02,0.7,0,0.09,0,0,0.25,0.09,0.25,0.58,0,0,0.02,0,0,0,0.31,0,0,0,0.02,0.4,0,0.99,0,0,0.03,0,0,0.47,0.39,0,0.87,0.24,0,0.44,0,0.11,0,0,0,0,0,0,0,0,0.24,0.76,0,0,0.5,0,0,0,0,0,0,0,0,0,0.08,0.01,0,0,0,0.01,0,0,0.89,0.09,0.58,0.32,0.02,0.09,0,0,0.07,0,0.91,0,0.56,0.05,0,0.34,0.26,0.2,0.88,0,0,0.56,0,0,0,0,0,0,0.72,0.24,0,0,0,0.85,0,0,0,0,0,0.86,0,0,0,0,0,0.18,0.9,0.44,0.86,0,0.68,0,1,0.49,0,0.09,0,0,0,0.38,0.04,0.02,0.08,0,0,0.26,0,0,0,"found species on GBIF","Animalia","Chordata","Reptilia","Squamata","Typhlopidae","Xerotyphlops","Xerotyphlops vermicularis",9624852
"Vipera ammodytes","Vipera ammodytes","r206",0,0.44,0,0,0,0,0.07,0.06,0.08,0.79,0,0,0,0,0,0,0.06,0,0,0,0,0.78,0,0.29,0.15,0,0,0,0,0.8,0.18,0,0.24,0.36,0.01,0.22,0,0,0,0,0,0,0,0,0,0,0.08,0.18,0,0,0.14,0.05,0,0,0,0,0,0.14,0,0,0.18,0,0.01,0,0,0,0,0,0.47,0,0.81,0.04,0,0,0,0,0,0,0.24,0,0.2,0.01,0,0.37,0.07,0.03,0.43,0,0,0.15,0,0,0,0,0.05,0,0.94,0.08,0,0,0.03,0.6,0,0,0,0,0,0.47,0,0,0,0,0,0.04,0.2,0.21,0.67,0,0.26,0,0.14,1,0.03,0.47,0,0,0,0.27,0.01,0,0,0,0,0.33,0,0,0,"found species on GBIF","Animalia","Chordata","Reptilia","Squamata","Viperidae","Vipera","Vipera ammodytes",2444308
"Vipera aspis","Vipera aspis","r207",0,0,0.01,0,0,0,0,0,0,0.95,0,0,0,0.02,0,0.19,0.03,0,0.09,0,0,0.9,0.38,0.02,0,0,0,0,0.12,0.76,0.18,0.04,0.03,0.3,0,0,0,0,0,0,0,0,0,0,0,0,0,0.16,0,0,0,0.84,0,0,0,0,0,0.01,0,0,0.24,0,0.58,0,0.07,0,0,0.01,0,0,0,0,0,0,0,0,0,0,0.06,0.02,0,0,0.18,0.14,0,0,0,0,0,0,0,0,0.09,0,0,0,0.91,0,0,0,0.35,0,0,0,0.03,0.02,0.03,0,0,0,0,0,0,0.23,0,0,0.21,0.02,0,0,0,0.01,1,0.19,0.01,0.01,0,0,0,0,0,0,0,0,0,0,0.05,"found species on GBIF","Animalia","Chordata","Reptilia","Squamata","Viperidae","Vipera","Vipera aspis",2444339
"Vipera berus","Vipera berus","r208",0,0.02,0,0,0,0,0,0,0,0.87,0,0,0,0,0,0,0,0,0,0,0,0.52,0,0.01,0.01,0,0,0,0,0.2,0,0,0,0.08,0,0,0,0,0,0,0,0,0,0,0,0,0,0,0,0,0,0.04,0,0,0,0,0,0.01,0,0,0.32,0,0.07,0,0,0,0,0,0.01,0,0.09,0,0,0,0,0,0,0,0,0,0,0,0.01,0.05,0,0,0.01,0,0,0,0,0,0,0,0,0,0.2,0,0,0,0,0.02,0,0,0,0,0,0.01,0,0,0,0,0,0,0,0.01,0.02,0,0,0,0,0.04,0.04,1,0,0,0,0.01,0,0,0,0,0,0.02,0,0,0,"found species on GBIF","Animalia","Chordata","Reptilia","Squamata","Viperidae","Vipera","Vipera berus",5960862
"Vipera latastei","Vipera latastei","r213",0,0,0.88,0,0,0,0,0,0,0.46,0,0.86,0,0.75,0,0,0,0,0.67,0,0.03,0.47,0.97,0,0,0,0,0,0,0.01,0,0.93,0,0.15,0,0,0,0,0,0,0,0,0,0,0,0,0,0.34,0.7,0,0,0,0,0,0,0.01,0,0,0,0,0,0,0.03,0,0.94,0,0,0.18,0,0,0,0,0,0,0.49,0,0,0,0.94,0.42,0,0,0.32,0,0,0,0,0.05,0,0,0,0,0.92,0,0,0,0.05,0,0,0,0,0,0,0.08,0,0.62,0.91,0,0,0,0,0,0,0.86,0,0.01,0,0,0,0,0,0,0.03,0,1,0.01,0,0,0,0,0,0,0,0,0,0,0.42,"found species on GBIF","Animalia","Chordata","Reptilia","Squamata","Viperidae","Vipera","Vipera latastei",5960896
"Vipera renardi","Vipera renardi","r227",0,0,0,0,0,0,0,0,0,0.13,0,0,0,0,0,0,0,0,0,0,0,1,0,0,0,0,0,0,0,1,0,0,0,0,0.94,0,0,0,0,0,0,0,0,0,0,0,0,0,0,0,0,0,0,0,0,0,0,0,0,0,1,0,0,0,0,0,0,0,0,0,1,0,0,0,0,0,0,0,0,0,0,0,0,0.06,0,0,0,0,0,0,0,0,0,0,0,0,0,0,0,0,0,0,0,0,0,0,0,0,0,0,0,0,0,0,0,0.47,0,0,0,0,0,0.08,0,0.2,0,0,0,0.97,0,0,0,0,0,1,1,0,0,"found species on GBIF","Animalia","Chordata","Reptilia","Squamata","Viperidae","Vipera","Vipera renardi",8568628
"Vipera seoanei","Vipera seoanei","r217",0,0,0.35,0,0,0,0,0,0,0.96,0,0.13,0,0.15,0,0,0,0,0.85,0,0,1,0.88,0,0,0,0,0,0,0.17,0,0.51,0,0.16,0,0,0,0,0,0,0,0,0,0,0,0,0,0,0,0,0,0.1,0,0,0,0,0,0,0,0.05,0,0,0.42,0,0.82,0,0,0.89,0,0,0,0,0,0,0,0,0,0,0.57,0.31,0,0,0.39,0,0,0,0,0.62,0,0,0,0,0.94,0,0,0,0.5,0,0,0,0,0,0,0,0,0.55,0.31,0,0,0,0,0,0,0.33,0,0,0,0,0,0,0,0,0.2,0,0.16,1,0,0,0,0,0,0,0,0,0,0,0,"found species on GBIF","Animalia","Chordata","Reptilia","Squamata","Viperidae","Vipera","Vipera seoanei",5960884
"Vipera ursinii","Vipera ursinii","r218",0,0,0,0,0,0,0,0,0,0.91,0,0,0,0,0,0.16,0,0,0.13,0,0,0.85,0.54,0.04,0,0,0,0,0,0.91,0.18,0.21,0.05,0,0,0.05,0.04,0,0,0,0,0,0,0,0,0,0,0.13,0,0,0.01,0.59,0,0,0,0,0,0,0,0,0.56,0,0.66,0,0.23,0,0,0,0.05,0,0.24,0,0,0,0,0,0,0,0.38,0,0.02,0,0.2,0.2,0,0,0.07,0,0,0.03,0,0,0,0,0,0,0.99,0,0,0,0.18,0.12,0,0,0,0,0.32,0.07,0,0,0,0,0,0.52,0.02,0,0.16,0,0.05,0,0.01,0.07,0.68,0.03,0,0,1,0.05,0,0,0,0,0,0,0,0,0,"found species on GBIF","Animalia","Chordata","Reptilia","Squamata","Viperidae","Vipera","Vipera ursinii",9807306
"Zamenis hohenackeri","Zamenis hohenackeri","r74",0,0,0,0,0,0,0,0,0,0,0,0,0,0,0,0,0,0,0,0,0,0,0,0,0,0,0,1,0,0,0,0,0,0,0,0,0,0,0,0,0,0,0,0,0,0,0,0,0,0,0,0,0,0,0,0,0,0,0,0,0,0,0,0,0,0,0,0,0,0,0,0,0,0,0,0,0,0,0,0,0,0,0,0,0,0,0,0,0,0,0,0,0,0,0,0,0,0,0,0,0,0,0,0,0,0,0,0,0,0,0,0,0,0,0,0,0,0,0,0,0,0,0,0,0,0,0,0,0,0,0,0,0,0,0,0,0,"found species on GBIF","Animalia","Chordata","Reptilia","Squamata","Colubridae","Zamenis","Zamenis hohenackeri",2458535
"Zamenis lineatus","Zamenis lineatus","r75",0,0,0,0,0,0,0,0,0,0.61,0,0,0,0,0,0.79,0.24,0,0,0,0,0.88,0.02,0.17,0,0,0,0,1,0,0.72,0,0.25,0.25,0,0,0,0,0,0,0,0,0,0,0,0,0,0.77,0,0,0,1,0,0,0,0,0,0,0,0,0,0,0.88,0,0,0,0,0,0,0,0,0,0,0,0,0,0,0,0,0,0,0,0,0.17,0,0,0,0,0,0,0,0,0,0,0,0,0.37,0,0,0,1,0,0,0,0.28,0,0,0,0,0,0,0,0,0.88,0,0,0.94,0.16,0,0,0,0,0.91,0,0,0,0,0,0,0,0,0,0,0,0,0,0,"found species on GBIF","Animalia","Chordata","Reptilia","Squamata","Colubridae","Zamenis","Zamenis lineatus",2458382
"Zamenis longissimus","Zamenis longissimus","r76",0,0.15,0,0,0,0,0,0.01,0,0.94,0,0,0,0,0,0.04,0.01,0,0.04,0,0,0.95,0.18,0.07,0.03,0,0,0,0,1,0.08,0.02,0.04,0.27,0.01,0.02,0,0,0,0,0,0,0,0,0,0,0,0.07,0,0,0.01,0.39,0,0,0,0,0,0.02,0,0,0.39,0,0.34,0,0.03,0,0,0.01,0.09,0,0.37,0.01,0,0,0,0,0,0,0.07,0.01,0.03,0,0.09,0.19,0,0.01,0.07,0,0,0.03,0,0,0.04,0,0.01,0,0.85,0,0,0,0.12,0.16,0,0,0,0,0.02,0.09,0,0,0,0,0,0.07,0.03,0.09,0.21,0,0.04,0,0.02,0.14,0.37,0.45,0,0,0,0.04,0,0,0,0,0,0.12,0,0,0.02,"found species on GBIF","Animalia","Chordata","Reptilia","Squamata","Colubridae","Zamenis","Zamenis longissimus",2458538
"Zamenis situla","Zamenis situla","r79",0,0.55,0,0,0,0,0.18,0.11,0.17,0.55,0,0,0.02,0,0,0.17,0.3,0,0,0,0,0.44,0,0.86,0,0,0.02,0,0.17,0.42,0.43,0,1,0.28,0,0.36,0,0.02,0,0,0,0,0,0,0,0,0.17,0.77,0,0,0.46,0.18,0,0,0,0,0,0.01,0,0,0.13,0,0.17,0,0,0.01,0,0,0.81,0,0.51,0.15,0.01,0,0,0,0,0,0.67,0,0.44,0.04,0,0.29,0.18,0.12,0.74,0,0,0.46,0,0,0,0,0.06,0,0.64,0.17,0,0,0.21,0.66,0,0,0.08,0,0,0.74,0,0,0,0,0,0.37,0.71,0.37,0.88,0.05,0.53,0,0.45,0.45,0.17,0.05,0,0,0,0.34,0.03,0.02,0,0,0,0.18,0,0,0,"found species on GBIF","Animalia","Chordata","Reptilia","Squamata","Colubridae","Zamenis","Zamenis situla",2458374
